"QRenew","Q39","Q38","energy_policy_rand","weight","age4","gender4","race4","pid3","educ4","QTV","faminc"
2,2,1,4,1.03744686967698,4,2,1,2,3,1,2
3,3,2,4,0.725516189694194,4,1,1,1,4,1,3
3,2,2,1,0.730424896092193,3,2,1,1,1,1,4
1,1,3,3,0.471383489261972,4,2,3,1,3,1,4
3,3,2,3,0.460436190298206,3,2,1,3,1,1,7
1,1,2,3,1.1225113402814,4,2,1,2,2,1,4
3,3,2,3,0.636006340574304,3,2,3,1,2,1,9
2,2,1,4,0.507345832901594,4,2,1,2,2,1,2
1,1,3,3,0.729383068077099,4,1,1,3,3,2,10
1,1,3,2,1.15886809995866,4,1,1,2,2,1,7
3,3,1,4,0.7469535626491,3,2,1,1,3,1,8
1,2,2,1,2.847074825779,2,2,1,1,1,1,2
1,1,2,1,0.849695156577648,4,2,1,2,2,1,1
1,2,1,2,1.56488294585292,1,1,2,5,1,1,2
1,3,3,2,0.357529443318887,4,1,1,3,4,1,97
2,2,1,4,0.871344885023014,3,1,1,1,2,1,2
1,1,3,3,0.858304460026849,1,2,1,1,2,1,5
1,1,3,1,0.645082618620426,4,1,1,3,1,1,10
2,2,1,2,0.574012758159866,4,2,1,1,1,1,2
3,3,2,1,0.879021076888776,1,2,1,1,3,1,13
1,1,3,4,1.11960855574572,4,2,1,2,1,1,5
3,3,2,4,1.04346977943724,4,1,1,1,2,1,2
1,1,3,3,1.25214380696217,3,2,4,2,2,1,3
1,1,3,4,1.88297534616931,4,1,1,1,2,1,2
3,3,3,4,0.478356875356577,4,1,1,2,4,1,3
1,1,3,2,0.812060254796182,4,1,1,4,2,1,6
1,3,1,2,0.399630449433571,4,1,1,1,2,1,5
2,2,1,4,0.430879795952383,3,1,3,3,3,1,6
1,1,2,4,0.812060254796182,4,1,1,2,2,1,6
3,3,2,4,1.3706136549747,3,2,1,2,1,1,1
1,1,3,1,1.03453581082961,3,1,1,4,2,1,9
1,1,2,3,0.409451785563561,4,2,1,1,4,1,4
3,2,2,1,0.595814481912177,4,2,1,3,2,1,2
1,1,2,4,1.25312562712769,4,1,1,2,4,1,11
1,3,2,4,0.732318652693073,3,2,1,1,2,1,12
2,2,2,4,0.575500988442776,4,2,1,1,2,1,2
1,1,3,4,0.692172264399341,4,1,1,2,3,1,8
3,3,2,4,1.11960855574572,4,2,1,2,1,1,3
1,3,2,1,1.3899313840245,2,2,2,2,3,1,3
2,2,1,1,0.477740669839379,3,2,1,3,4,1,6
1,2,2,4,1.343795997126,4,1,2,1,3,1,2
1,1,3,2,1.10326420886854,4,1,1,2,2,2,5
1,1,3,2,0.366432507127095,4,1,1,3,2,1,6
3,3,2,2,2.55288462436347,4,2,1,3,1,1,3
1,1,3,4,1.21851514600478,4,1,1,3,4,1,7
2,2,1,2,0.794155499297963,4,1,1,1,1,1,9
1,3,2,3,0.969147857756029,1,2,1,1,2,1,10
3,1,2,1,0.923295025572928,4,1,1,1,3,1,14
1,1,3,2,0.871623629942236,2,2,1,2,1,1,3
1,1,3,1,0.877215736101486,4,1,1,2,2,1,7
1,1,3,2,0.87494727948833,4,1,1,2,1,1,9
1,1,3,3,1.85717979755795,4,1,1,2,2,1,9
1,1,2,1,1.04346977943724,4,1,1,1,2,1,9
1,1,2,2,0.725516189694194,4,1,1,1,4,1,6
3,3,2,4,1.04265138295595,3,1,1,1,4,1,1
3,3,2,3,0.597975318867181,3,2,1,3,4,1,10
2,1,3,4,1.10326420886854,4,1,1,2,2,1,6
3,3,2,2,0.493026425681382,4,2,1,3,4,1,7
3,1,2,1,0.618299976256066,3,2,1,2,2,1,8
3,3,1,3,0.440537894755204,3,2,1,3,2,1,3
1,1,2,4,0.771906070156185,3,1,1,1,2,1,8
1,1,2,1,0.791700346792578,4,2,1,1,2,1,9
3,3,2,4,0.474972186138045,4,2,1,3,2,1,97
2,1,2,1,0.65704627230793,4,1,1,2,1,1,6
1,1,2,2,0.457697551911056,3,2,3,1,3,1,2
3,3,2,4,3.17990310777724,1,2,4,1,1,1,2
3,3,1,1,0.479469896444249,3,2,3,1,3,1,97
3,2,1,4,0.408560202808672,3,2,2,3,1,1,2
2,1,2,4,0.809347899049003,3,1,2,1,1,1,7
2,2,3,3,0.992495553395853,3,2,3,3,3,1,8
2,2,3,2,1.07299422848083,4,1,1,2,3,1,7
3,3,2,4,0.653294173462333,3,2,3,3,3,1,9
1,1,2,3,0.508319212311549,3,2,4,1,4,1,7
2,2,1,2,1.12846123005526,2,2,3,1,1,2,97
2,3,1,1,0.684664620474833,3,2,3,1,1,1,9
1,1,2,2,1.86677283878653,3,2,4,1,4,1,12
3,3,2,4,1.65353706385347,3,2,1,3,3,2,8
2,2,2,1,1.1914284288229,3,2,2,1,4,1,6
1,1,2,1,0.228140423694302,2,1,3,3,3,1,12
2,2,1,1,0.950816933193073,4,1,1,1,4,1,14
1,1,1,1,0.631175224988937,2,1,4,3,3,1,12
3,3,2,2,1.14779334404842,3,1,4,3,3,1,9
1,1,3,4,0.443106671241273,3,1,4,3,4,1,8
3,3,3,3,0.89106812327159,4,2,1,2,3,1,10
1,3,2,2,0.732394057308525,3,2,2,1,4,1,9
3,2,2,2,0.76374084835277,3,1,3,3,1,1,1
2,2,1,1,0.834978256547102,4,2,1,1,4,1,8
3,2,2,1,1.28648185096663,3,2,1,2,2,1,8
1,1,2,4,0.692563683702413,4,1,1,2,4,1,12
2,2,1,2,0.640890243243805,3,2,3,4,1,1,3
1,1,3,2,0.980605190774496,3,1,3,2,3,1,9
3,3,1,1,0.956000004175751,3,2,1,2,1,1,5
3,2,2,1,0.800070482972599,4,2,1,4,3,1,7
2,2,1,2,0.556216107890462,3,2,1,1,1,1,3
3,3,1,3,0.588195621072818,4,2,1,1,3,1,5
1,1,3,4,0.877215736101486,4,1,1,2,2,1,7
2,2,2,1,0.457697551911056,3,2,3,1,3,1,2
3,3,2,2,0.548920238998468,2,2,2,1,1,2,1
2,2,2,4,2.9047855186551,3,2,4,1,4,2,8
2,2,2,4,0.688201095734266,2,2,1,2,3,1,5
1,3,2,3,0.927531377165521,2,2,4,1,3,1,10
3,2,2,2,1.49984875929325,3,2,4,2,1,1,2
1,1,2,4,1.52952194622244,2,2,1,2,3,2,8
3,3,2,3,1.28881756917522,2,2,1,4,3,1,2
1,1,3,4,0.633167870751113,3,1,3,3,3,1,5
3,3,2,3,2.29548309781246,3,2,1,2,1,1,6
3,3,2,4,0.821222104524653,3,2,1,2,1,1,12
3,3,2,4,1.3706136549747,3,2,1,3,1,2,3
3,3,2,2,0.760225568237406,3,2,1,3,1,1,6
3,3,3,2,0.224289770813245,3,2,1,1,1,2,4
1,3,3,1,0.956000004175751,3,2,1,2,1,1,2
1,1,2,2,0.720843936098876,2,2,2,1,1,1,5
1,1,3,2,3.04215204934509,1,1,1,2,1,1,9
1,1,3,2,0.821222104524653,3,2,1,2,1,1,3
1,3,2,3,0.956000004175751,3,2,1,2,1,1,9
3,3,3,2,2.29548309781246,3,2,1,2,1,1,2
1,1,3,4,0.957506861953856,3,1,1,2,1,1,9
1,3,3,2,1.00431527108555,3,2,1,2,1,1,10
3,3,2,3,1.13241139824208,1,2,1,2,3,1,3
3,2,2,3,0.619862198887452,3,1,1,1,3,2,12
3,2,2,3,3.17040975448184,2,2,3,5,1,1,97
3,3,2,1,0.755284277887582,3,1,1,2,1,1,9
3,3,2,4,1.21067864959439,2,2,1,2,3,1,8
3,3,2,2,0.60493981406294,2,2,1,1,3,1,10
3,3,1,4,0.53280862029734,2,2,2,3,2,2,1
1,1,2,3,2.72839880643983,2,1,1,3,1,1,8
1,1,2,4,0.86432341491468,1,1,1,3,3,1,10
1,1,2,1,0.73448975820799,3,1,1,1,3,1,4
2,2,2,1,0.899597631656484,2,2,1,1,4,1,10
1,1,3,3,1.23820985045902,2,1,1,1,2,1,3
1,1,3,2,0.55300003210849,2,2,1,1,4,1,9
3,3,2,1,0.653933433674151,2,2,1,1,4,1,11
1,1,3,3,1.1799230052474,2,1,1,2,4,1,10
3,3,1,1,2.64725756635106,2,2,2,1,1,1,1
1,1,3,3,0.432814336806306,2,1,1,5,1,1,1
1,1,2,3,1.03881589581235,2,1,1,2,2,1,97
1,1,3,1,1.30873060096334,2,2,1,2,4,1,14
1,3,2,3,0.710662640259911,2,2,1,1,4,1,9
1,1,1,3,0.673936877756846,2,1,2,1,2,1,6
2,2,2,3,1.12826544272116,2,1,1,1,4,1,11
1,1,3,3,0.372759656818358,2,1,1,3,2,1,97
2,2,1,4,0.950212331407272,1,2,1,1,4,1,12
2,2,1,1,0.719381132531477,2,2,2,1,1,1,2
1,1,2,3,0.678142698180798,1,1,1,4,3,1,12
1,1,2,4,1.12826544272116,2,1,1,1,4,1,11
1,1,3,3,1.23938734911701,1,1,1,2,4,1,12
1,1,3,1,1.37235409015466,2,1,1,2,2,1,8
1,1,2,2,2.1274671406183,2,2,1,1,4,1,14
2,2,3,1,1.20736766123496,3,1,1,2,2,1,7
3,3,2,4,1.26862494861928,3,1,1,2,3,2,4
1,1,2,1,1.31074921369669,1,2,1,3,2,1,9
1,1,1,1,0.389557685830581,2,2,1,1,3,1,12
1,1,3,3,1.33487847761473,2,1,1,3,3,1,11
3,2,1,3,0.4310492478792,1,2,1,1,3,1,11
1,1,3,1,0.665549119979177,3,1,1,2,1,1,5
1,1,2,2,1.26821830734619,3,1,1,2,2,1,3
1,1,3,2,0.433936485040393,2,1,1,3,2,1,1
1,1,2,3,0.976173986325408,2,1,1,3,2,1,9
1,1,1,3,0.733457520080368,3,1,1,1,1,1,5
3,3,2,3,1.15324060789018,2,2,1,2,4,1,7
3,2,3,3,0.819421087098783,2,1,1,2,2,1,3
2,3,3,4,0.918075907132701,1,1,2,1,1,2,6
3,2,1,3,0.676288530807117,1,2,1,3,1,1,3
1,1,1,3,1.11058963342002,2,1,2,2,2,1,2
1,1,3,4,1.56058473845329,3,1,2,2,3,1,97
3,3,3,2,0.460436190298206,3,2,1,3,1,1,3
3,3,1,3,0.409652517326796,2,2,4,3,2,1,7
3,3,3,1,0.570769217420978,1,2,1,3,1,2,13
2,2,2,1,0.753795518120959,4,2,1,1,1,1,2
1,1,2,1,0.789653030706684,4,2,1,1,1,1,3
3,3,2,1,2.11907192628578,3,2,1,4,1,1,5
2,3,2,1,0.933774422060781,3,1,1,3,3,1,11
1,1,3,2,0.369641866029868,4,2,1,5,1,1,9
1,1,2,3,0.986588111011408,4,2,1,2,1,1,2
3,2,2,2,0.843449271501944,2,2,2,1,3,1,2
1,1,3,3,0.795662118368521,3,1,1,2,3,1,10
2,2,2,3,0.753795518120959,4,2,1,1,1,1,6
2,2,3,2,0.685236131211712,3,2,3,2,1,1,6
3,3,1,1,0.779784180726326,3,2,1,1,1,1,3
2,2,1,4,0.997395381950032,2,2,2,1,3,1,4
3,3,1,3,1.03284165817669,3,2,1,2,1,1,2
3,2,2,1,1.03747534962735,4,2,1,1,1,1,6
2,2,2,2,0.574012758159866,4,2,1,1,1,1,97
3,3,2,2,1.41446771012706,4,2,1,2,1,1,1
3,3,2,1,0.986588111011408,4,2,1,2,1,1,2
3,2,3,3,0.760225568237406,3,2,1,3,1,1,5
3,2,1,4,0.764016313056576,3,1,2,3,2,1,4
1,1,3,1,1.00869561361106,3,1,1,2,3,2,9
3,3,2,1,1.343795997126,4,1,2,1,3,1,8
1,1,3,3,1.00869561361106,3,1,1,2,3,1,9
1,1,3,1,1.00869561361106,3,1,1,2,3,1,97
1,3,2,4,1.11960855574572,4,2,1,2,1,1,8
3,3,3,4,1.14653069245027,1,1,1,2,3,1,9
1,1,3,4,0.602283668760585,3,1,1,2,3,2,12
1,3,2,2,0.956000004175751,3,2,1,2,1,2,7
2,2,2,1,0.861886358516035,1,1,3,3,1,1,97
1,3,2,2,0.821222104524653,3,2,1,2,1,1,6
1,1,3,2,0.870361702889858,4,1,3,3,2,1,11
1,1,2,3,1.32916919728002,2,2,4,3,2,1,4
1,1,3,1,1.26862494861928,3,1,1,2,3,1,3
1,1,3,3,1.036449269699,4,2,1,3,1,1,3
1,1,3,2,0.847497867452771,4,2,1,2,1,1,3
1,2,2,4,0.821222104524653,3,2,1,2,1,1,6
2,2,2,3,0.986588111011408,4,2,1,3,1,1,3
1,1,3,2,0.668508853841696,4,1,1,2,1,1,3
3,1,1,4,0.728942649949562,3,2,1,1,1,1,10
3,3,1,1,1.01314173428328,3,1,2,1,2,1,7
1,2,2,4,1.27352940563022,4,2,2,1,3,1,97
2,2,2,4,0.956127011390095,3,2,1,3,1,1,6
3,3,2,3,0.594273721474255,4,2,1,4,1,1,4
3,2,1,1,0.765170684936681,3,2,1,1,1,1,6
3,3,1,3,0.589083464860436,4,2,1,2,1,1,6
3,3,2,1,1.68620118432081,4,2,1,2,1,1,2
3,1,2,3,0.861377365738755,2,2,2,1,2,1,3
3,3,2,2,0.506033850042145,4,2,1,2,1,1,4
1,1,3,4,1.00869561361106,3,1,1,2,3,1,10
1,3,2,3,0.784549690411958,4,2,1,2,1,1,97
1,1,3,3,0.543903189397927,3,1,3,3,3,1,13
2,2,2,1,0.956000004175751,3,2,1,2,1,1,3
3,1,3,4,0.636432991624831,4,2,1,2,1,1,5
3,2,2,4,0.789653030706684,4,2,1,1,1,1,3
1,3,3,1,1.11960855574572,4,2,1,2,1,1,6
1,3,2,2,0.986588111011408,4,2,1,2,1,1,4
1,3,2,3,0.279029246635188,4,2,1,1,1,1,2
1,1,2,1,1.06588838500371,4,2,1,2,1,1,4
3,3,3,4,0.986719181939374,4,2,1,2,1,1,97
2,2,2,3,0.52814792292282,2,3,3,3,2,1,2
1,1,3,2,2.03734189105639,1,1,3,1,2,1,5
3,3,2,2,1.01041667688931,3,3,1,1,3,1,1
3,2,2,2,0.511568485986302,2,2,1,1,3,1,12
2,2,1,3,0.764087111157605,3,1,3,4,2,1,8
3,3,3,1,0.787811717630775,3,1,1,3,2,1,5
2,2,1,1,0.967135778407102,3,1,2,1,2,1,5
1,1,2,1,0.547195155908769,2,2,1,2,3,1,10
1,1,2,2,2.44659039637721,2,1,1,3,4,1,8
2,2,1,2,0.96257714063611,3,1,1,1,3,1,2
1,1,1,3,1.46365094990472,2,1,2,1,4,2,15
1,1,3,2,0.484802385686538,2,2,3,1,3,1,13
3,2,2,1,0.794409033756304,2,2,1,1,3,1,5
3,2,2,3,0.477889347783956,2,2,1,1,3,1,4
2,2,1,4,0.96257714063611,3,1,1,1,3,1,11
3,3,3,2,0.820155057676383,2,1,3,1,2,1,11
3,1,2,2,0.433691365433107,3,1,1,3,3,1,8
3,3,2,2,3.02188433367454,2,1,1,3,3,1,10
2,2,1,2,1.61382288904925,1,1,2,1,4,2,5
3,3,3,1,0.707782595032142,3,1,1,3,2,1,6
1,1,2,1,0.461876331191893,1,2,3,1,2,2,6
1,1,3,4,1.00629823521583,1,2,4,4,2,1,2
1,1,2,3,1.28179716148313,3,1,4,2,2,1,7
1,1,2,2,0.466155214497675,3,1,3,1,4,1,4
3,3,2,4,0.62756592670884,2,2,1,3,3,1,7
1,1,2,4,0.447526581396147,3,1,3,3,2,1,97
1,1,3,4,1.17749698528926,2,1,4,2,4,1,3
1,3,2,2,1.3065068834115,2,1,1,2,2,1,7
1,1,3,2,1.10326420886854,4,1,1,2,2,1,4
1,1,2,2,1.10326420886854,4,1,1,2,2,1,10
1,1,3,1,0.945334523631063,4,1,1,3,2,1,97
1,3,2,3,0.583790793012991,4,1,4,1,3,1,1
1,1,3,4,0.596616880439082,3,1,1,3,3,1,13
1,1,3,2,1.07760069325524,2,1,3,1,4,1,8
1,1,2,3,0.497391927646979,4,1,3,1,3,1,11
3,3,2,1,1.14848693360522,1,1,1,1,3,1,2
1,1,2,3,0.642719502286106,4,1,1,1,4,1,10
3,2,1,1,0.826751124861241,2,1,2,3,2,1,10
2,2,1,2,1.04346977943724,4,1,1,1,2,1,3
1,1,3,3,1.03453581082961,3,1,1,3,2,1,7
1,3,1,2,0.820155057676383,2,1,3,1,2,1,6
2,2,1,1,0.960143974606858,3,2,4,2,1,2,6
3,3,2,2,0.700919864608473,3,2,1,2,4,1,10
3,3,3,2,0.764016313056576,3,1,2,3,2,1,2
1,1,3,3,0.667274674578856,3,1,1,2,2,1,10
3,3,2,1,1.03881589581235,2,1,1,2,2,1,3
1,1,3,3,0.888685849440043,3,1,1,3,2,2,7
1,1,2,3,0.64877262471721,3,2,1,2,4,1,3
1,1,3,1,2.31739321422613,3,1,1,2,2,1,2
3,2,2,3,1.07762352451148,3,2,3,1,1,1,3
1,1,2,4,0.468985705278758,3,1,1,2,2,1,8
1,1,3,3,0.990411419369616,1,1,1,1,2,1,13
1,3,3,2,0.971255655408516,1,2,1,2,4,1,10
1,1,3,4,1.23676070372714,3,2,1,3,4,2,8
1,1,3,1,0.959989368984921,3,1,1,2,2,1,12
1,1,3,1,0.34447423183899,3,1,1,3,2,1,8
1,1,2,2,0.837535210678099,4,2,2,1,2,1,7
2,2,1,3,0.81156832924408,3,2,2,1,2,1,5
3,3,2,1,0.809090650735058,3,2,1,1,4,2,8
3,3,2,1,0.637780253105983,4,2,2,1,2,1,7
1,1,2,1,0.48672130722079,3,2,1,4,4,1,1
3,3,2,4,0.809090650735058,3,2,1,1,4,1,12
3,3,2,2,0.643435556930239,4,2,4,1,1,1,5
1,1,3,1,1.26821830734619,3,1,1,2,2,1,7
1,1,2,4,0.888685849440043,3,1,1,3,2,2,3
1,1,2,2,0.61611981613728,3,2,1,1,4,1,15
1,1,2,1,0.965173176523441,3,1,2,1,2,1,12
1,1,3,4,0.930490683355991,3,2,1,3,3,1,8
1,1,1,4,0.554693484249854,2,2,2,1,2,1,3
3,3,2,2,0.67755915305094,4,1,4,1,1,1,97
1,1,3,4,1.56169483077701,4,1,3,2,4,1,9
3,3,3,2,0.637000110507899,2,2,1,2,3,1,9
1,1,2,1,0.627874852068503,2,2,1,3,3,2,11
3,3,3,1,1.134636736305,3,1,2,2,1,1,5
1,1,3,1,1.08655461658105,3,2,1,2,4,2,9
1,1,2,4,0.822804182966556,1,1,3,1,4,1,8
3,3,2,3,0.678392018130443,2,2,1,4,4,1,3
1,1,3,4,1.37648019294418,2,1,1,3,2,2,6
3,2,2,3,1.18401567657221,1,2,1,3,3,1,4
3,2,3,4,0.396883319786229,3,1,2,1,1,1,3
3,3,2,3,1.54883847101864,1,3,1,1,2,1,4
1,1,3,2,1.00514840483182,3,2,1,2,3,1,4
3,2,1,4,0.517376563019598,1,2,1,3,2,1,4
3,3,2,1,1.55778931784188,3,2,1,2,4,1,14
1,1,2,2,1.03453581082961,3,1,1,3,2,1,7
2,2,2,3,0.184748999532048,4,2,3,1,1,1,5
2,2,1,1,0.656355953344876,4,2,3,1,2,1,2
1,1,3,2,1.00514840483182,3,2,1,2,3,1,7
3,3,2,3,0.769909941544353,3,1,1,1,1,1,8
1,1,3,3,1.20930500441082,2,1,1,2,2,1,10
3,3,1,4,0.440518340591973,1,2,4,5,3,1,12
1,3,2,2,1.08655461658105,3,2,1,2,4,1,9
1,1,2,1,1.39607273469211,4,2,4,2,2,1,3
1,1,3,4,3.28224401095411,3,1,1,2,3,1,10
3,3,2,2,0.492740127794466,3,2,1,1,1,1,11
1,1,3,2,0.757242486862172,3,1,1,2,2,1,12
1,3,2,4,0.728942649949562,3,2,1,1,1,1,10
1,1,3,1,0.492740127794466,3,2,1,1,1,1,8
2,2,1,2,0.117015949523017,3,1,3,2,2,1,4
1,3,2,4,1.14193105970559,3,1,1,1,2,1,11
3,2,2,1,0.561112178565522,3,1,1,1,2,1,10
1,1,2,3,1.26821830734619,3,1,1,2,2,1,11
2,2,1,2,0.518506983945125,4,2,3,3,2,1,3
1,1,2,4,0.514499690057998,3,1,1,3,2,1,10
1,1,2,1,0.871344885023014,3,1,1,1,2,1,2
1,2,1,2,0.767154526181896,3,2,1,1,2,1,11
3,2,3,2,0.322514494868671,4,2,3,1,2,1,7
2,3,1,2,0.871344885023014,3,1,1,1,2,1,6
3,3,2,3,1.23154075264721,3,2,2,1,3,1,13
1,2,2,4,0.877384603621353,1,1,1,1,2,2,9
3,3,3,3,1.12147825953704,3,2,2,2,1,1,6
2,2,1,1,0.396883319786229,3,1,2,1,1,1,5
1,1,2,3,1.89833319174146,3,1,1,3,2,2,6
1,1,3,1,1.17424142081807,3,1,1,2,3,1,8
2,2,1,4,0.406817308255897,4,2,3,3,2,1,3
3,3,2,2,1.15379270318231,2,2,3,2,3,1,11
1,1,3,2,1.12722226437548,4,1,1,3,3,1,6
1,1,3,3,0.922366109474864,4,1,1,3,4,1,4
1,1,2,2,0.598202970500918,4,1,1,3,4,1,8
3,2,2,3,0.85326113336746,4,1,1,3,3,1,7
1,3,3,1,0.72705735438584,4,1,1,2,3,1,10
1,1,3,2,0.701129678168352,3,1,1,2,3,1,9
3,1,2,4,0.550352669417966,4,1,1,2,3,1,2
1,1,2,1,0.747299604255981,2,1,1,3,4,1,10
2,2,1,2,1.17799030745241,4,2,1,3,4,1,8
1,1,2,2,1.2176647022853,4,1,1,2,3,1,5
3,3,3,4,0.89106812327159,4,2,1,2,3,1,6
1,1,2,2,0.996371957498566,4,1,1,2,4,2,10
1,1,3,4,0.921722358375473,4,1,1,2,3,1,10
1,1,3,2,0.996371957498566,4,1,1,2,4,1,8
1,3,2,1,1.27250610846808,4,2,1,2,4,1,97
1,1,3,4,0.89106812327159,4,2,1,2,3,1,6
1,1,3,1,0.996371957498566,4,1,1,2,4,2,12
3,3,2,4,2.5616203096646,2,2,1,2,3,1,3
1,2,1,1,0.860916297434295,2,1,3,1,2,1,2
1,2,2,1,0.572299514841554,3,2,1,2,2,1,7
1,1,3,1,1.26696527395419,1,1,1,2,1,1,6
1,1,2,1,0.755284277887582,3,1,1,2,1,1,3
3,3,2,2,0.823351269055535,3,2,1,2,2,1,2
1,1,3,1,1.11479972258585,3,1,1,3,1,1,4
2,2,1,2,0.557658197188717,3,2,1,1,2,1,1
1,1,2,2,0.471584698182886,3,2,1,1,2,1,3
3,2,3,2,0.609877116528634,2,2,2,2,1,1,6
1,1,3,4,0.3588899018916,3,1,1,3,2,1,9
1,1,3,4,0.509888077879582,3,2,4,3,2,1,11
3,3,2,2,0.730832563563394,3,2,1,1,2,1,11
1,1,2,3,1.11754157091215,3,2,1,2,2,2,11
2,2,2,1,0.825826746771073,3,2,1,3,2,1,2
1,3,3,3,0.922366109474864,4,1,1,3,4,1,12
3,3,2,1,1.12274563050249,1,2,1,2,1,1,7
2,2,1,4,0.575848901755474,3,2,1,4,1,2,8
3,3,2,4,0.50052764555492,2,2,1,1,2,1,97
1,1,1,3,1.11465163806817,3,1,1,2,1,1,3
3,2,2,2,1.08770907942143,3,2,1,2,2,1,12
1,1,2,3,0.577341892567596,3,3,1,4,2,1,10
1,1,2,2,0.884992795986846,3,2,1,3,1,1,9
1,1,3,4,0.556216107890462,3,2,1,1,1,1,5
3,3,3,3,0.618299976256066,3,2,1,2,2,1,5
2,2,2,3,0.79703830681147,2,2,3,1,2,2,2
3,3,3,1,0.848331881796601,2,2,3,2,2,1,8
2,2,1,3,0.732318652693073,3,2,1,1,2,1,8
1,1,1,2,0.311490185014889,2,2,4,1,2,1,97
2,3,1,1,0.686503043462372,3,2,3,2,2,2,10
2,2,1,4,1.58477594338219,3,2,1,4,2,1,2
3,1,2,3,1.27742741720092,1,2,1,2,2,1,6
3,3,2,4,0.821222104524653,3,2,1,2,1,1,4
3,3,2,2,0.42331062251629,1,1,3,1,2,1,6
3,2,2,4,0.95847860440972,3,2,1,3,2,1,5
1,1,3,2,0.959989368984921,3,1,1,2,2,1,6
2,2,1,3,0.958874301933384,3,2,1,3,1,1,6
2,2,1,4,0.831553216243974,3,1,1,3,2,1,4
3,2,2,1,0.823351269055535,3,2,1,2,2,1,8
3,2,2,1,3.03250617444622,3,2,1,2,1,1,2
1,1,2,4,0.760225568237406,3,2,1,3,1,1,4
2,2,2,2,0.557658197188717,3,2,1,1,2,1,9
3,2,1,1,0.767154526181896,3,2,1,1,2,1,2
1,1,3,1,0.959989368984921,3,1,1,2,2,1,10
1,3,2,2,4.22440462885207,2,2,2,3,1,1,5
1,1,3,1,0.760225568237406,3,2,1,2,1,1,14
3,2,2,4,0.510305796638583,3,1,1,3,2,1,3
1,1,3,2,1.31881126457708,3,2,1,1,2,1,9
3,3,1,1,0.730424896092193,3,2,1,1,1,1,4
3,3,2,3,0.559770430918981,2,2,3,3,2,1,4
1,1,3,4,0.959989368984921,3,1,1,2,2,1,8
1,1,3,4,1.17402098413974,3,1,1,3,2,1,11
3,3,2,1,0.786126191732936,3,2,1,2,1,1,11
3,2,2,4,1.30752061731556,3,1,1,2,1,1,5
3,3,2,4,0.401008893041342,3,1,1,3,2,1,3
2,2,1,1,0.765170684936681,3,2,1,1,1,1,3
3,3,2,3,1.14025047120906,1,1,1,4,2,2,3
1,1,2,3,0.942534221841266,2,1,2,1,4,1,9
3,2,2,2,0.589021171900923,2,1,3,1,3,1,10
1,1,1,2,0.856846903637318,3,2,4,1,2,2,1
1,1,3,4,0.86131393038358,4,1,4,1,4,1,10
3,1,2,3,0.86131393038358,4,1,4,1,4,1,12
3,1,2,3,1.343795997126,4,1,2,1,3,1,12
2,2,1,4,1.89528785890437,2,3,2,3,1,2,1
1,1,2,2,0.619964042880552,1,1,3,1,3,1,10
1,1,3,2,0.927397239409625,1,2,3,1,1,2,6
2,2,2,1,0.455162650573567,4,2,1,3,3,1,11
1,1,3,4,0.833283840999975,4,2,1,1,4,1,9
1,1,2,3,0.55300003210849,2,2,1,1,4,1,7
1,1,3,1,1.44839400562197,4,2,3,3,1,1,12
1,1,3,2,0.934205838312646,4,1,1,2,4,1,7
2,2,2,4,2.25409947626875,4,2,1,3,4,2,9
1,1,2,1,0.654513685943731,1,2,1,2,4,1,11
1,1,2,2,0.704564416186913,1,1,1,1,3,1,11
1,1,2,4,0.770853034694902,4,2,1,1,3,1,10
1,1,2,1,0.834978256547102,4,2,1,1,4,1,6
1,2,1,1,0.833283840999975,4,2,1,1,4,1,3
1,3,1,4,1.06156972593379,4,1,2,1,3,1,4
1,1,2,2,1.04373419676455,2,1,1,1,3,1,10
1,1,3,3,1.04373419676455,2,1,1,1,3,1,10
3,3,3,2,1.1004111969039,4,1,1,2,1,1,4
1,1,2,4,1.00401904906168,4,2,2,3,3,1,9
1,1,3,1,1.03744686967698,4,2,1,3,3,1,8
1,3,2,2,0.874697573819747,4,2,1,1,4,1,2
1,1,2,2,0.759802696855911,4,2,1,3,4,1,9
3,3,2,2,0.506032456390817,2,2,1,3,4,1,97
3,3,2,2,0.790325892716825,4,2,4,3,3,1,11
1,1,3,3,0.963235058997038,4,2,1,2,4,1,10
1,1,3,4,1.76036842407147,4,1,1,3,3,1,13
3,3,2,3,0.832198502174925,2,2,1,1,3,1,9
1,1,3,1,0.72334644578863,4,2,1,2,4,1,11
1,1,3,2,0.751124778866519,4,1,1,3,4,1,7
3,1,2,3,0.770853034694902,4,2,1,1,3,1,13
1,1,2,3,1.87870560798923,2,2,1,1,3,1,12
1,1,2,3,0.952750342812706,4,1,1,1,4,1,15
1,3,2,2,0.497408727845259,4,2,1,1,3,1,2
1,1,2,2,0.465726793403253,4,1,4,1,3,2,8
3,2,2,2,0.694849445933047,4,1,1,3,3,1,4
3,2,1,3,0.627730253161556,4,2,1,3,3,1,6
3,3,2,3,0.792796945049778,2,2,1,1,3,2,8
3,3,3,1,0.434429391925321,2,2,1,3,3,1,9
3,1,2,2,0.87958038105194,4,1,1,1,3,1,7
1,1,2,4,0.87494727948833,4,1,1,2,1,1,5
1,1,2,2,0.89106812327159,4,2,1,2,3,2,97
3,1,2,2,0.532049283409058,4,2,1,2,3,1,11
2,2,1,1,0.834978256547102,4,2,1,1,4,1,11
1,1,2,4,1.17371643672276,4,2,2,1,4,1,97
2,2,1,2,0.770853034694902,4,2,1,1,3,1,3
1,1,2,1,0.87958038105194,4,1,1,1,3,1,3
3,2,1,4,0.963235058997038,4,2,1,2,4,1,3
1,1,3,2,0.686211694936699,4,1,3,3,4,1,97
3,1,2,4,1.12692436110692,2,1,4,1,3,1,97
1,1,3,3,1.12996606689401,1,3,4,1,3,2,11
1,1,2,3,0.777372199606245,2,1,3,3,1,1,9
3,3,2,4,0.6913108588254,2,1,1,3,3,1,6
3,3,2,1,0.833128690233229,2,1,1,1,1,1,10
3,2,2,3,1.91704566614589,2,2,2,1,3,1,7
1,1,3,4,0.852500414715462,2,1,1,3,2,1,97
3,2,1,4,0.637299608220353,3,2,3,1,2,1,6
1,1,3,4,1.27173859982226,1,1,1,3,3,1,10
1,1,2,3,0.903935147828742,3,1,1,3,2,1,8
1,1,3,1,1.00317039596078,3,1,1,3,2,1,11
3,3,2,3,0.489063914292363,3,1,3,1,2,1,7
2,2,2,3,0.521788471089452,2,2,1,2,2,1,11
1,1,3,2,1.0168517273515,1,2,4,5,3,1,8
3,3,2,4,2.79825881466471,3,1,1,3,3,1,97
3,3,3,2,0.410396133280833,3,2,3,1,2,2,97
3,3,1,1,0.824527404142268,2,1,1,3,3,1,3
1,1,3,3,1.00057622393993,3,1,1,3,1,1,3
3,2,2,2,0.96257714063611,3,1,1,1,3,1,10
1,1,3,1,0.591940697647085,3,1,4,4,1,1,2
1,1,1,2,1.36851381781688,2,1,1,1,3,1,12
1,1,3,2,1.09152150149677,2,1,1,2,3,1,7
2,2,2,4,1.08702426112365,3,1,1,3,3,2,8
1,1,2,1,0.455222337648894,3,1,1,3,3,1,11
1,1,3,3,1.44198216749414,2,1,1,2,3,1,13
3,3,1,3,1.15148050626553,2,2,1,2,1,1,4
1,1,3,4,1.17424142081807,3,1,1,2,3,1,9
1,1,2,1,1.09633506047249,1,1,1,1,3,1,97
3,2,1,3,0.580230997107908,3,1,1,1,3,1,3
2,1,2,1,0.96257714063611,3,1,1,1,3,1,97
1,1,3,4,1.09152150149677,2,1,1,2,3,1,5
2,2,1,1,0.871344885023014,3,1,1,1,2,1,5
3,2,2,1,0.655514791366128,2,2,1,3,2,1,8
3,2,1,1,0.667615493859476,3,2,3,1,2,1,3
3,3,2,4,0.485301513599694,3,2,3,1,2,2,97
1,1,2,3,0.587976970196626,3,1,3,3,2,1,1
1,1,2,3,0.616289749292685,2,1,1,3,3,1,6
1,1,3,4,0.96165751060137,2,1,1,3,2,1,7
2,2,1,3,1.1743974220013,3,1,1,4,3,1,7
1,1,3,4,1.0104483904498,2,1,1,3,3,1,12
2,2,1,2,0.636006340574304,3,2,3,1,2,1,4
3,3,2,3,0.727375085472361,2,2,4,2,1,2,3
1,1,1,1,0.882252528361491,1,1,3,2,3,1,8
1,1,3,2,1.11754157091215,3,1,1,2,2,1,97
1,2,2,1,0.559661157363093,3,1,1,3,1,1,5
3,2,1,2,0.850174053051761,3,2,2,1,2,1,3
1,1,2,1,0.687539327485677,2,2,1,2,1,1,8
3,3,2,2,0.913308961336417,4,2,1,3,1,1,2
3,2,2,1,2.35450698223597,4,2,1,3,1,2,9
3,3,2,4,0.484429914081484,4,2,1,3,1,1,3
2,2,2,3,1.92180367102012,4,2,2,4,1,1,2
3,2,2,1,1.35748832401008,4,2,1,1,1,1,3
2,2,1,1,0.855105817493742,4,2,4,1,4,1,11
3,2,2,2,0.699469306203401,4,2,2,1,1,1,6
2,2,2,2,0.484429914081484,4,2,1,1,1,1,4
1,1,2,2,0.635833141113488,4,2,1,1,4,1,6
3,2,2,1,0.628992197108201,4,1,1,3,2,1,6
1,3,2,1,0.86528668165772,4,1,1,3,2,1,4
3,3,2,1,0.796214488835378,4,1,1,1,2,1,3
1,1,3,3,0.69195039755753,4,1,1,2,2,1,5
3,3,2,3,0.753795518120959,4,2,1,1,1,1,3
3,2,2,2,0.755749867220768,4,2,1,1,2,1,3
1,1,2,2,0.821222104524653,3,2,1,2,1,1,2
1,1,3,4,0.823351269055535,3,2,1,2,2,1,5
2,2,1,4,0.833283840999975,4,2,1,1,4,1,3
2,2,1,2,0.967135778407102,3,1,2,1,2,1,9
2,2,2,2,1.81061096644507,4,2,1,3,4,1,7
3,1,1,4,0.786583775179449,4,2,1,4,2,1,10
1,1,2,1,1.08522238568832,4,1,1,3,2,1,10
1,1,3,4,1.15886809995866,4,1,1,2,2,1,1
1,2,2,3,0.877215736101486,4,1,1,2,2,1,4
3,3,2,3,0.884992795986846,3,2,1,5,1,1,97
1,1,3,4,0.520130889310253,3,1,2,1,1,2,2
2,2,1,4,2.49418023465208,3,2,2,1,1,1,3
1,1,1,1,1.39714271786305,3,1,1,3,1,2,3
3,3,2,4,0.775686538907566,2,2,1,1,2,1,11
3,1,2,3,1.60967624007143,1,2,1,2,1,1,9
1,1,2,2,0.776188776554802,3,1,3,2,3,1,97
1,1,2,4,1.12767303464262,1,1,4,1,3,1,5
1,1,3,2,0.864044557744002,3,2,1,3,4,1,12
2,2,1,4,0.974868809145351,3,2,2,3,3,2,8
1,1,2,4,0.437353385996744,3,2,2,1,1,2,5
2,2,1,4,0.833283840999975,4,2,1,1,4,1,4
3,3,2,4,0.823351269055535,3,2,1,2,2,1,6
3,1,1,3,2.00987678680786,3,1,1,4,1,1,3
3,1,2,2,2.43636563015369,2,2,1,2,1,2,2
3,3,2,3,0.56995924634173,3,2,1,1,3,1,3
1,1,2,2,0.936177250146152,3,2,1,3,4,1,10
3,3,1,3,0.520439139950944,2,2,1,2,1,2,8
1,1,2,3,1.03284165817669,3,2,1,2,1,1,11
2,2,2,1,0.809090650735058,3,2,1,1,4,1,8
3,3,2,3,1.23404499153381,3,2,2,1,3,1,7
2,2,1,4,0.766111802836082,4,2,2,3,3,1,97
1,2,1,3,1.23847587849653,4,1,2,1,4,2,97
3,3,2,1,1.01404307503526,1,2,1,2,3,1,8
1,1,2,3,0.521188533563057,3,1,2,1,1,1,1
2,2,1,1,0.450255457097993,3,2,1,3,3,1,7
3,3,2,2,0.789653030706684,4,2,1,1,1,1,7
3,3,2,2,2.29548309781246,3,2,1,2,1,2,5
3,3,1,1,2.17491153778917,2,1,1,2,1,1,6
3,3,2,2,1.11465163806817,3,1,1,2,1,1,7
1,1,2,3,0.635833141113488,4,2,1,1,4,1,12
3,3,2,3,1.11465163806817,3,1,1,2,1,1,3
2,2,2,3,4.28207479479716,2,2,3,2,1,1,7
1,1,3,3,0.809960288528521,4,1,1,3,1,2,9
3,3,2,2,0.504914884513503,3,2,1,1,3,1,10
1,1,2,3,1.15587129780733,4,1,1,2,1,1,8
1,3,2,2,2.13189492285677,1,2,3,1,1,1,2
3,1,3,4,0.877215736101486,4,1,1,2,2,2,7
3,1,2,3,1.48397568276119,2,1,1,2,4,1,10
1,1,3,3,0.877215736101486,4,1,1,2,2,1,9
1,1,2,1,0.877215736101486,4,1,1,2,2,1,97
1,1,3,1,1.12068619794512,4,2,1,2,3,1,8
1,3,2,2,0.877215736101486,4,1,1,2,2,1,97
1,1,3,4,1.1598952223535,4,1,1,2,4,1,10
1,1,3,3,1.0213189044498,4,1,1,3,2,1,11
1,1,3,1,1.01854248471376,4,1,1,2,1,1,7
1,2,3,2,0.86131393038358,4,1,4,1,4,1,12
3,2,2,1,0.626883100329182,4,2,3,1,4,1,1
1,1,3,2,1.02632220349886,1,2,4,1,3,1,10
3,3,2,1,1.13732661673554,3,2,2,1,4,1,8
1,1,1,3,1.11683166669217,2,1,2,1,4,1,12
1,1,3,2,0.770707000014303,3,1,1,1,2,2,97
3,3,2,2,0.408453728269775,4,1,4,3,3,1,7
1,1,2,1,0.824883751448081,4,2,1,3,3,1,4
1,1,1,3,0.986588111011408,4,2,1,2,1,1,5
2,2,1,3,0.755749867220768,4,2,1,1,2,1,2
3,3,1,2,0.547478987100676,3,2,2,1,2,1,7
2,2,2,3,1.08076785890159,3,1,3,2,2,1,5
2,2,3,4,2.43636563015369,2,2,1,2,1,1,8
1,1,3,2,0.571719295592544,3,1,1,2,1,1,3
2,1,2,3,0.722065849081727,2,1,1,2,2,1,6
3,3,2,2,2.63236493942737,2,2,1,5,2,1,11
1,1,3,2,1.1004111969039,4,1,1,2,1,1,5
1,1,3,4,0.596539473669324,2,2,2,3,1,1,4
1,1,3,4,0.853578914099366,1,1,3,3,4,1,9
3,1,2,1,0.679161227279008,3,2,2,1,1,1,1
1,1,2,1,1.4291574086252,2,1,1,2,2,1,9
1,1,3,4,1.07000225589791,2,1,4,3,3,1,4
1,1,2,1,0.56836925197663,3,1,1,3,3,1,12
2,2,1,1,0.967135778407102,3,1,2,1,2,1,7
1,1,3,2,0.399971894686301,3,1,1,3,1,1,7
2,2,1,3,0.614021591108092,2,2,1,3,2,1,1
1,1,3,2,0.959989368984921,3,1,1,2,2,1,10
3,3,2,3,1.28015308437875,2,2,1,3,1,1,4
1,1,3,3,0.684583835279593,1,1,1,2,3,1,9
1,1,3,1,1.09338388450736,2,1,1,1,3,1,7
3,3,2,2,0.824527404142268,2,1,1,3,3,1,11
1,1,3,4,0.31506855958671,2,2,4,3,3,1,97
1,1,3,2,1.08076785890159,3,1,3,2,2,1,10
3,2,2,1,0.605852932142295,2,2,1,2,1,1,1
3,2,2,2,0.650329941343987,4,2,3,4,4,1,10
3,3,2,1,1.26862494861928,3,1,1,2,3,1,7
3,3,2,1,0.727291680001774,2,2,3,3,1,1,1
3,3,2,1,1.09633506047249,1,1,1,1,3,1,5
2,2,3,4,0.208921958537286,2,2,2,3,1,2,4
1,1,3,1,0.50139385174964,4,1,1,3,2,1,6
2,2,2,3,0.877215736101486,4,1,1,2,2,1,4
1,1,3,2,0.549585574541107,2,1,1,2,2,1,97
1,1,3,2,1.11465163806817,3,1,1,2,1,1,10
1,1,2,3,0.849695156577648,4,2,1,2,2,1,11
1,1,2,3,0.521788471089452,2,2,1,2,2,2,97
3,3,2,1,0.809347899049003,3,2,2,1,1,1,1
1,1,3,3,1.2042454405053,3,1,1,2,1,2,10
3,2,2,3,0.58630246923111,3,2,1,3,1,1,11
3,3,2,2,0.847497867452771,4,2,1,2,1,1,6
1,1,2,2,0.920835479561569,1,2,1,1,3,1,97
3,3,3,1,0.973062420762356,4,2,1,2,1,1,3
2,2,2,2,1.77006969542282,3,2,1,3,3,1,7
1,1,3,1,1.1225113402814,4,2,1,2,2,1,5
1,1,2,4,0.821222104524653,3,2,1,2,1,1,5
1,1,2,3,0.956000004175751,3,2,1,2,1,1,8
3,1,2,3,1.44107753443614,3,2,1,3,3,1,11
1,1,2,3,0.470365192668757,3,2,1,1,1,1,3
1,1,2,4,0.748472432531438,3,2,1,1,3,1,6
3,3,2,4,2.29548309781246,3,2,1,2,1,1,13
3,3,3,1,0.358181516201142,3,2,1,1,1,1,3
1,1,3,1,0.863441511265758,3,2,1,2,3,1,12
2,3,2,1,0.823691180720515,3,2,1,3,1,1,3
2,2,1,1,0.748472432531438,3,2,1,1,3,1,2
1,1,1,4,0.396757171852851,3,2,1,3,4,1,12
3,3,2,2,0.639164086061698,3,2,1,3,4,1,4
3,2,2,4,0.588195621072818,4,2,1,1,3,1,5
1,1,2,4,0.212541121914999,4,2,3,3,3,1,10
1,1,3,1,0.821222104524653,3,2,1,2,1,1,1
1,1,2,1,1.12068619794512,4,2,1,2,3,1,8
2,2,1,4,0.847578513151704,3,2,1,1,4,1,5
1,1,3,3,2.1166470312483,3,1,1,2,2,1,2
3,2,2,3,0.933370988506421,3,2,1,2,4,1,97
1,1,1,3,0.847578513151704,3,2,1,1,4,1,10
2,2,2,3,0.913308961336417,4,2,1,3,1,1,5
1,3,2,4,0.637867034843782,3,2,1,3,4,1,11
1,1,3,3,1.1225113402814,4,2,1,2,2,1,4
1,1,3,2,0.933370988506421,3,2,1,2,4,1,12
1,2,2,2,0.605476593010144,1,2,1,2,3,1,10
1,1,2,3,0.748472432531438,3,2,1,1,3,1,10
3,3,2,2,0.616701068926513,3,2,1,2,1,1,3
3,3,2,4,0.367031562249803,3,2,1,1,3,1,10
1,1,3,2,0.760225568237406,3,2,1,3,1,1,6
3,1,3,2,2.33506035003748,4,2,1,1,4,1,9
1,1,3,3,1.21144972848031,4,2,1,2,4,1,6
3,1,2,2,0.54580756046708,3,2,1,1,4,2,8
3,2,1,1,0.833283840999975,4,2,1,1,4,1,3
3,2,2,4,0.963235058997038,4,2,1,2,4,1,3
1,1,3,1,0.957506861953856,3,1,1,2,1,1,5
3,2,2,3,0.444187544257055,4,2,1,3,1,1,5
1,1,3,2,0.933370988506421,3,2,1,2,4,1,6
1,3,2,4,1.11960855574572,4,2,1,2,1,1,4
3,3,2,1,0.378775077510385,4,2,1,1,3,1,11
3,2,2,3,0.7469535626491,3,2,1,1,3,1,8
3,3,2,2,0.786583775179449,4,2,1,3,2,1,5
2,2,2,4,0.61611981613728,3,2,1,1,4,1,1
3,3,2,1,0.450255457097993,3,2,1,3,3,1,6
2,2,2,3,0.765170684936681,3,2,1,1,1,1,6
1,1,3,2,0.497648702264249,4,2,1,1,3,1,8
3,3,2,2,0.809163991959902,4,2,1,1,3,1,7
3,1,2,3,1.03913644897845,4,2,1,3,2,1,4
3,3,2,4,1.03284165817669,3,2,1,2,1,1,3
1,1,3,3,0.987580283210483,4,1,3,2,2,1,9
1,3,2,4,0.575848901755474,3,2,1,3,1,1,7
3,3,2,2,0.956000004175751,3,2,1,2,1,2,9
3,3,3,1,1.67758529799434,3,2,1,2,3,2,7
1,1,3,2,0.834978256547102,4,2,1,1,4,2,11
3,2,1,4,2.35450698223597,4,2,1,2,1,2,2
1,2,2,4,0.874697573819747,4,2,1,1,4,1,7
1,3,2,4,0.574012758159866,4,2,1,1,1,1,2
3,3,2,3,0.818676484362018,3,2,1,4,1,1,3
3,3,2,1,0.809090650735058,3,2,1,1,4,2,6
1,1,3,1,0.536883125748295,4,1,3,2,3,1,5
3,3,2,2,0.690992134000021,4,2,1,3,4,1,8
1,3,3,1,1.08489629260872,3,2,1,2,1,1,2
3,3,3,3,0.693947590564123,3,2,3,1,1,1,1
3,1,2,3,0.477783975352614,4,2,1,3,3,1,2
2,2,1,2,1.03744686967698,4,2,1,3,3,1,12
1,3,3,3,0.668508853841696,4,2,1,2,1,1,4
2,2,2,1,0.833283840999975,4,2,1,1,4,1,11
2,2,1,2,0.784076729750485,3,2,1,1,3,1,10
2,2,1,2,0.753795518120959,4,2,1,1,1,1,2
3,3,2,1,0.343042722884242,3,2,1,3,1,1,1
3,2,2,2,1.04042782088982,4,2,1,3,3,1,2
1,1,3,2,0.669530706589823,4,2,1,2,4,1,11
1,3,2,1,0.48672130722079,3,2,1,1,4,1,11
1,1,3,4,2.88426040876231,3,1,1,3,1,1,1
3,2,2,2,0.833283840999975,4,2,1,1,4,1,2
3,1,2,1,0.770853034694902,4,2,1,1,3,1,10
1,1,2,1,0.807448768725687,3,2,1,1,4,1,10
3,3,2,4,1.35748832401008,4,2,1,1,1,1,4
1,2,2,3,1.41446771012706,4,2,1,2,1,1,97
3,2,1,3,0.574012758159866,4,2,1,1,1,1,5
3,2,2,4,0.752265846138195,4,2,1,1,1,1,9
1,1,2,1,0.500458303592053,2,1,4,3,2,1,11
1,1,1,3,0.657354375462742,1,1,3,1,2,1,8
1,2,1,2,2.46997162562174,2,1,2,1,2,1,5
1,1,2,3,1.10269536118954,2,1,4,3,2,1,10
1,3,2,3,0.819518629173648,2,1,3,3,2,1,97
1,1,3,2,0.398514320283806,2,1,2,3,2,1,3
1,1,3,3,0.17794703837247,1,1,3,3,2,1,6
2,1,3,4,0.475851267331753,1,1,3,3,2,1,3
1,1,1,1,1.15158436150985,1,1,2,1,2,1,1
1,1,3,4,0.398514320283806,2,1,2,3,2,1,5
1,1,3,2,1.92474168869415,1,1,4,2,2,2,6
1,1,2,2,2.25869550124793,2,1,1,4,3,1,8
1,1,3,4,0.744864764512549,2,1,1,3,2,1,5
3,1,2,1,2.92672930425445,2,1,2,1,2,1,4
1,1,3,2,3.58911007831631,2,1,4,3,2,1,12
3,3,1,3,0.469302576511711,2,1,1,4,3,1,9
1,3,2,4,4.77642093960763,1,1,1,1,2,1,3
1,2,2,2,1.04161615424524,2,1,1,1,3,1,3
1,1,1,1,0.729694361248467,2,1,1,3,3,1,11
1,3,2,2,1.82174136132871,2,1,1,2,3,1,2
1,1,1,4,1.2180571472962,2,2,3,2,1,1,4
1,3,2,4,0.976173986325408,2,3,1,3,2,1,4
2,2,1,1,1.29797234264523,1,1,1,1,2,1,1
3,1,2,3,2.19352792556661,2,2,4,3,3,1,12
3,1,2,3,0.4929539246628,1,1,1,3,3,1,4
1,2,2,1,1.23569715985328,2,1,1,1,2,1,7
1,1,3,1,1.52552879903817,1,1,1,3,2,1,11
3,3,2,2,0.659517735497708,1,1,1,3,3,1,11
1,3,2,4,0.883616156881851,2,2,4,1,3,1,4
1,1,2,3,0.464195427485069,2,2,2,1,1,1,97
3,2,1,4,0.508896788437845,2,2,3,1,3,1,7
3,3,2,3,2.06680046357513,1,2,2,4,2,1,9
1,1,3,4,1.08401728214405,3,1,3,3,2,2,97
2,2,1,1,0.871344885023014,3,1,1,1,2,1,10
2,2,1,2,0.515576571759611,1,3,3,3,2,1,5
3,3,2,2,0.978158957469386,2,1,1,3,2,1,4
1,1,3,4,0.455076422032839,3,1,1,3,2,2,8
2,2,3,1,0.959989368984921,3,1,1,2,2,1,2
1,1,3,3,0.892779487992851,1,1,1,2,2,2,12
1,1,2,1,0.959989368984921,3,1,1,2,2,1,3
2,2,2,4,0.447526581396147,3,1,3,3,2,1,6
3,3,3,4,0.437353385996744,3,2,2,1,1,2,3
3,3,2,2,0.850174053051761,3,2,2,1,2,1,4
1,3,2,1,0.317663492043011,2,1,3,3,2,2,9
1,1,3,3,0.959989368984921,3,1,1,2,2,1,7
1,1,3,3,1.26821830734619,3,1,1,2,2,1,4
1,1,2,2,4.21775168325018,1,1,1,1,3,1,12
2,2,1,2,1.1514567171705,3,1,4,1,1,1,2
3,3,3,2,0.699469306203401,4,2,2,1,1,2,97
2,2,2,2,1.20712867888859,2,2,2,1,4,1,7
1,2,2,2,2.08967239634018,2,2,4,1,3,1,9
3,3,2,3,0.517178996072388,3,2,2,1,1,1,2
3,2,2,1,0.883616156881851,2,2,4,1,3,1,7
1,1,3,2,1.14884519477894,2,2,3,1,3,1,5
3,3,2,3,0.883616156881851,2,2,4,1,3,1,9
2,2,1,1,0.147244127310569,1,3,1,4,1,1,7
2,2,1,3,0.657673684831424,3,2,4,3,3,1,1
1,1,3,3,0.571719295592544,3,1,1,2,1,1,11
2,2,1,3,1.1914284288229,3,2,2,1,4,1,12
1,1,2,3,0.24187359777479,1,2,3,3,3,1,5
2,2,1,1,1.11465163806817,3,1,1,2,1,1,5
3,3,2,4,0.893781128893224,4,2,2,1,4,1,97
1,1,3,2,1.17424142081807,3,1,1,2,3,1,1
2,2,3,4,0.420331005329292,3,2,2,1,1,1,2
3,3,2,4,0.690161032193097,4,1,1,2,1,1,8
2,2,2,1,0.36157115051834,3,2,3,3,3,1,5
1,1,2,3,0.739563099305127,4,1,2,1,1,1,3
3,2,2,2,0.816276146207015,4,2,4,1,4,1,2
1,1,3,1,1.1004111969039,4,1,1,2,1,1,6
2,2,2,4,1.69993991884645,4,1,1,2,1,1,6
3,3,2,3,0.87494727948833,4,1,1,2,1,1,4
3,3,2,4,0.752894819121014,1,2,1,1,2,1,1
1,1,3,1,0.921722358375473,4,1,1,2,3,1,4
3,3,2,3,1.07299422848083,4,1,1,2,3,1,5
3,3,3,1,0.54214750051745,1,2,1,5,2,1,5
1,1,3,4,1.07299422848083,4,1,1,2,3,1,9
1,1,3,4,0.921722358375473,4,4,1,2,3,1,10
1,1,3,2,1.2176647022853,4,1,1,3,3,2,11
1,1,3,4,3.15081588902131,4,1,1,3,3,1,7
3,2,1,3,0.488694911319753,2,2,1,3,1,1,1
1,1,3,3,0.385023912311064,4,1,1,3,3,1,4
3,2,2,2,0.263897387744404,1,2,1,1,2,1,13
1,3,3,2,0.921722358375473,4,1,1,2,3,1,8
3,2,1,2,0.918168583251507,1,2,1,1,2,1,97
3,2,2,2,0.623899470201541,2,2,1,5,2,1,1
1,1,3,3,1.02118323746469,4,1,1,2,2,1,11
3,3,2,2,1.32998149675501,3,1,3,1,1,1,5
2,2,2,2,1.260751058402,2,2,1,3,1,2,9
3,2,2,1,1.06320810311428,3,2,3,1,1,1,10
1,1,3,2,0.823672004691391,3,1,1,3,4,1,13
1,1,2,3,1.04053553778315,3,1,1,1,4,1,12
3,2,2,4,0.862853491665942,3,1,1,3,4,2,11
3,3,2,4,3.54492855563669,3,2,1,2,2,1,2
3,1,2,4,0.627223468256419,3,1,1,3,4,1,7
1,1,2,2,0.727601278060652,1,2,4,1,1,1,8
3,2,1,4,0.667615493859476,3,2,3,1,2,1,3
1,1,3,4,0.455076422032839,3,1,1,3,2,2,3
1,1,2,1,1.60221519916697,3,1,1,2,2,1,3
1,1,3,3,3.20784051480268,3,2,3,2,1,1,10
2,2,1,3,0.862853491665942,3,1,1,4,4,1,5
1,2,3,2,0.88527253155602,2,1,3,2,2,1,12
1,1,2,2,0.672124183037381,2,1,1,1,3,1,10
2,2,1,3,1.68203967331769,2,2,1,3,2,1,7
3,3,2,2,0.931390653925597,1,2,2,1,3,1,2
3,1,1,2,0.140459293482425,2,3,1,5,1,1,1
1,1,1,4,0.67641311018938,2,2,3,1,2,1,8
3,2,2,4,1.83815876156776,2,2,1,1,2,1,5
2,3,2,1,1.51822881136221,1,2,2,1,3,1,4
1,1,2,1,1.01730408350509,2,2,1,2,2,1,4
2,2,1,4,0.553838553330522,1,2,1,1,2,1,97
1,1,2,1,0.891305257175699,2,1,1,3,4,2,9
1,1,2,3,0.498403334053479,4,1,3,1,3,1,10
1,1,3,4,0.930726797260466,2,1,1,2,4,1,11
1,1,2,1,0.881368936882822,4,1,1,1,3,2,9
2,2,2,3,0.672528027669588,3,1,1,1,1,2,5
1,1,2,4,1.08076785890159,3,1,3,2,2,1,9
1,1,3,1,1.37235409015466,2,1,1,2,2,1,13
3,1,2,2,0.858304460026849,1,2,1,1,2,1,5
2,2,2,2,0.612289083199087,4,1,1,1,4,1,8
1,2,1,1,0.395885728679782,4,1,1,2,2,1,5
1,2,2,1,1.09532963381682,4,1,1,1,2,1,2
1,1,2,1,1.04265138295595,3,1,1,1,4,1,2
1,1,3,1,0.330742830731493,4,1,1,3,3,1,11
1,1,1,2,1.04161615424524,2,1,1,1,3,2,9
1,1,2,4,0.837543270474414,1,1,1,1,2,2,8
2,2,1,1,1.83815876156776,2,2,1,1,2,2,10
1,1,3,2,0.696262366292438,4,1,1,3,3,1,5
1,1,3,1,1.17098499703206,3,1,1,3,1,1,2
3,3,3,3,1.91859379683362,3,2,3,1,1,1,3
3,3,2,4,0.718692062588036,3,2,3,1,1,1,6
2,2,2,1,0.432200577820162,4,1,1,1,3,1,6
1,1,3,4,1.17098499703206,3,1,1,4,1,2,97
1,1,2,4,1.0104483904498,2,1,1,3,3,1,8
1,1,2,2,1.09338388450736,2,1,1,1,3,1,10
2,2,1,4,0.679161227279008,3,2,2,1,1,1,2
1,1,3,4,0.933774422060781,3,1,1,3,3,1,5
1,1,2,4,0.777263834981907,2,2,1,1,2,1,11
1,1,2,3,1.04161615424524,2,1,1,1,3,1,13
3,1,2,3,0.381150122882715,2,2,1,1,2,1,5
1,1,1,3,0.523778139514583,4,1,1,2,2,1,8
1,1,3,4,0.523778139514583,4,1,1,2,2,1,7
3,1,2,3,2.56340940143999,2,2,1,3,4,1,10
1,1,3,4,1.82968481515216,2,2,1,1,1,1,4
1,1,3,1,0.87494727948833,4,1,1,2,1,1,12
1,1,2,2,0.87494727948833,4,1,1,2,1,1,7
3,3,2,1,1.03776286427786,4,2,2,3,2,1,10
3,3,2,4,0.382485995925283,3,1,1,1,1,1,4
1,1,2,3,0.591883802716225,2,2,1,1,2,1,13
3,2,2,3,0.518348225668634,4,2,2,1,2,2,97
1,3,2,1,1.24593612607455,2,2,1,2,4,1,11
1,1,3,3,0.591512079176945,2,2,1,2,4,2,2
3,2,2,3,2.35611681393741,2,2,1,3,1,1,6
1,3,3,3,1.78582361927604,2,2,2,1,1,1,2
2,2,2,4,1.15938139933682,3,1,2,3,3,1,8
1,1,3,3,0.485422240283838,3,1,3,3,4,1,12
3,3,3,4,0.281461070367854,3,2,4,3,4,1,97
2,2,3,1,0.956000004175751,3,2,1,2,1,1,7
1,1,2,2,0.987425268667427,3,1,4,1,4,1,13
2,2,1,1,0.179300448653672,2,3,4,3,3,1,9
2,2,1,1,1.69689044449942,2,2,4,3,1,1,4
2,2,1,4,0.730424896092193,3,2,1,1,1,1,97
1,1,3,4,0.34447423183899,3,1,1,3,2,1,13
1,1,3,3,0.720909077762552,3,1,1,2,2,1,3
3,3,2,2,0.717776896819221,3,1,4,1,4,1,6
3,3,1,4,0.557658197188717,3,2,1,1,2,1,5
3,2,3,2,1.03284165817669,3,2,1,2,1,1,9
1,1,3,1,1.08770907942143,3,2,1,2,2,1,7
1,1,3,4,0.351237241341998,3,1,3,1,3,1,8
1,1,3,1,0.9126212697722,3,1,4,4,3,1,97
1,3,1,2,0.415344958280127,3,1,3,1,3,1,97
3,3,2,3,2.89220407989484,3,2,4,3,1,1,4
3,3,2,3,0.732318652693073,3,2,1,1,2,1,9
1,1,3,3,0.881625069399135,3,1,3,3,2,1,97
3,2,2,2,0.767154526181896,3,2,1,1,2,1,3
1,3,3,4,0.71762080401471,4,4,4,3,3,1,97
1,3,2,2,0.491616119188024,3,2,1,2,2,1,8
1,1,3,3,0.762196588387063,3,2,1,3,2,1,7
2,2,1,3,0.640948445853611,2,2,3,3,4,1,11
3,1,2,3,0.959989368984921,3,1,1,2,2,1,8
1,1,3,1,0.818097049124922,3,1,3,2,2,1,11
1,1,1,3,0.692172264399341,4,1,1,2,3,1,11
1,1,3,4,0.993297236603804,4,1,1,3,3,1,3
1,1,3,3,1.56460558967456,4,2,3,2,1,1,9
1,1,3,2,1.44198216749414,2,1,1,2,3,1,12
1,2,1,3,0.637000110507899,2,2,1,2,3,1,10
3,1,2,2,0.627365639979283,4,1,1,3,1,1,4
2,2,1,3,0.794155499297963,4,1,1,1,1,1,6
3,3,2,2,0.533726617741762,4,2,2,3,1,1,3
1,1,1,4,0.742938563999462,2,1,1,3,1,1,5
1,1,3,2,0.76232301884895,2,1,2,3,1,1,12
2,3,1,2,0.767154526181896,3,2,1,1,2,1,9
1,1,2,1,0.399232704193597,1,1,3,1,3,1,10
3,3,2,4,0.734232532774526,4,2,2,1,1,1,5
2,2,2,3,0.743780640971213,4,2,2,2,1,1,2
3,2,2,1,0.752945863535414,1,2,2,3,2,1,2
1,1,3,3,0.886387731418198,3,1,1,2,1,2,12
3,3,1,4,0.673936877756846,2,1,2,1,2,1,3
3,1,3,4,1.00940010873837,3,1,1,3,4,2,14
2,2,2,3,1.72429511596553,2,2,1,3,3,1,7
1,1,2,3,1.1369279505902,2,1,3,3,1,1,1
1,1,1,1,0.837535210678099,4,2,2,1,2,1,3
2,2,2,2,0.637299608220353,3,2,3,1,2,1,9
3,3,2,2,0.637000110507899,2,2,1,2,3,1,3
3,3,2,3,0.381150122882715,2,2,1,1,2,1,11
3,3,2,2,0.522618404152221,3,2,2,1,2,1,3
1,3,2,4,1.54667241719157,2,2,1,3,3,1,9
1,1,3,4,0.595644791220984,3,1,1,2,1,2,8
3,3,1,4,2.31205274613456,2,3,2,4,2,2,2
1,1,3,1,0.719044826019644,3,1,1,2,1,1,10
1,1,2,4,0.486682343508382,2,2,1,3,3,1,5
1,1,3,1,1.33256292731033,3,1,1,2,3,1,3
1,1,2,3,1.26862494861928,3,1,1,2,3,1,6
3,1,3,2,0.86909161027494,3,1,1,1,1,1,8
3,1,2,1,0.548227961766059,4,1,3,4,2,1,3
1,1,3,3,1.17424142081807,3,1,1,2,3,2,11
1,1,2,4,1.26862494861928,3,1,1,2,3,1,3
1,1,3,3,0.421354573809017,3,1,1,3,3,1,5
3,3,2,2,0.678479990459288,4,2,3,1,1,1,5
2,2,1,1,1.00869561361106,3,1,1,2,3,1,9
1,1,3,4,0.957506861953856,3,1,1,2,1,1,5
2,2,1,1,0.521557858273012,3,2,2,1,2,1,2
3,1,2,1,1.00869561361106,3,1,1,2,3,1,5
3,2,2,2,3.0757995073831,4,2,2,1,2,1,3
1,1,3,2,0.625815287497582,2,1,3,1,2,1,7
1,1,2,3,0.676288530807117,1,2,1,3,1,1,10
3,3,3,3,0.507345832901594,4,2,1,2,2,1,6
1,1,3,2,1.01854248471376,4,1,1,3,1,1,1
1,1,2,2,1.88297534616931,4,1,1,1,2,1,6
1,1,3,1,0.847497867452771,4,2,1,2,1,1,5
1,1,3,4,0.945334523631063,4,1,1,3,2,1,3
3,3,2,2,1.71232535203562,4,2,1,5,1,1,6
2,3,1,2,0.86909161027494,3,1,1,1,1,1,8
3,3,2,1,0.734232532774526,4,2,2,1,1,1,3
1,1,2,4,0.354018692979372,4,2,1,3,1,1,7
1,1,3,2,0.701129678168352,3,1,1,2,3,1,16
3,3,2,1,0.595814481912177,4,2,1,1,2,1,3
3,1,2,3,0.834978256547102,4,2,1,1,4,1,6
2,2,1,1,0.409451785563561,4,2,1,1,4,1,9
1,1,2,3,0.749123873519124,1,2,1,3,4,1,12
3,3,2,4,2.24260617468473,1,2,1,1,4,2,9
1,1,3,4,2.45199670620365,4,1,1,3,2,1,5
1,1,3,1,2.2614528295481,4,1,1,3,1,1,2
1,1,3,4,1.04346977943724,4,1,1,1,2,1,12
1,1,3,4,1.0213189044498,4,1,1,3,2,2,5
3,3,2,4,0.454633313302347,4,2,1,1,2,1,3
1,1,3,1,0.877215736101486,4,1,1,2,2,1,97
1,3,2,1,0.659614733827988,4,2,1,3,4,1,12
1,1,2,3,1.04346977943724,4,1,1,1,2,1,5
3,2,2,4,0.590610768633922,4,2,1,2,2,1,6
1,1,3,4,1.10326420886854,4,1,1,2,2,1,4
3,3,2,1,1.09532963381682,4,1,1,1,2,1,7
3,3,2,3,0.989146016358795,4,2,1,2,2,1,4
1,1,3,2,0.523778139514583,4,1,1,2,2,1,3
3,3,2,2,0.786583775179449,4,2,1,3,2,1,10
1,2,1,3,2.19866191008469,4,2,1,2,2,1,3
3,3,2,4,0.690992134000021,4,2,1,1,4,1,4
1,1,3,1,1.27250610846808,4,2,1,2,4,1,12
1,1,2,1,0.304897216381562,4,2,1,3,2,1,6
1,3,2,3,0.849695156577648,4,2,1,2,2,2,9
1,1,2,2,0.635833141113488,4,2,1,1,4,1,97
1,1,3,3,0.383465745510186,4,2,1,3,2,2,97
1,1,3,3,0.415838145122457,4,1,1,3,2,1,6
3,1,2,3,0.849695156577648,4,2,1,2,2,1,11
2,1,2,4,0.87494727948833,4,1,1,2,1,1,10
3,3,2,4,0.589083464860436,4,2,1,2,1,1,3
1,1,2,3,0.87494727948833,4,1,1,2,1,1,8
1,1,3,1,1.12146890975138,4,2,1,3,4,1,5
2,2,1,3,0.874697573819747,4,2,1,1,4,1,5
1,1,2,4,0.454633313302347,4,2,1,3,2,1,12
2,2,2,1,0.796214488835378,4,1,1,1,2,2,6
3,3,2,3,0.945334523631063,4,1,1,3,2,1,3
1,1,2,3,0.877215736101486,4,1,1,2,2,1,9
1,1,2,4,0.786583775179449,4,2,1,3,2,1,8
3,3,2,3,0.575500988442776,4,2,1,1,2,1,4
1,1,2,1,1.12131993933166,4,2,1,2,4,1,10
1,1,3,2,1.12146890975138,4,2,1,3,4,1,16
3,3,2,1,0.874697573819747,4,2,1,1,4,1,4
2,2,1,1,1.12588626895733,4,2,1,3,2,2,3
1,1,3,3,1.07279279862202,4,1,1,3,2,2,97
1,1,3,2,0.945334523631063,4,1,1,3,2,1,2
3,3,3,4,0.986588111011408,4,2,1,2,1,1,5
1,1,3,3,1.09532963381682,4,1,1,1,2,1,8
1,1,3,2,0.796214488835378,4,1,1,1,2,1,6
3,3,1,3,0.849695156577648,4,2,1,2,2,1,5
3,3,3,1,1.06588838500371,4,2,1,2,1,1,97
1,1,2,3,0.823174384816097,1,2,1,3,4,1,8
3,2,2,4,0.825994705471629,4,1,1,3,2,1,7
1,1,3,3,0.833283840999975,4,2,1,1,4,1,5
1,2,3,1,0.87494727948833,4,1,1,2,1,1,4
3,3,2,4,2.60997907239774,1,2,2,1,3,1,4
3,3,2,1,1.04346977943724,4,1,1,1,2,1,10
2,2,2,2,3.09123278013104,2,2,2,1,3,1,11
3,2,2,4,1.25881186186921,1,2,3,3,1,2,4
2,2,1,1,1.13768327002243,1,1,3,3,1,1,1
3,3,2,4,0.589021171900923,2,1,3,1,3,1,8
1,1,3,3,1.52677557165484,1,2,3,1,1,1,1
1,1,2,4,1.97404485998794,1,2,3,1,3,1,10
1,1,3,4,1.51609667050305,3,2,3,2,1,1,7
3,3,2,3,2.0952470534733,3,2,4,3,1,1,2
2,2,2,2,1.12147825953704,3,2,2,5,1,1,3
1,1,3,2,1.0104483904498,2,1,1,2,3,1,5
1,1,3,2,0.799309114946102,3,2,1,3,3,1,97
1,1,3,1,1.17424142081807,3,1,1,2,3,1,13
1,1,2,2,0.933774422060781,3,4,1,3,3,1,9
1,1,3,2,0.353752128564653,3,1,4,3,3,1,10
1,1,2,4,0.638853407818954,3,1,1,3,3,1,11
3,3,2,4,1.44107753443614,3,2,1,2,3,1,11
3,3,2,4,0.888545551600196,2,2,3,1,1,1,7
1,1,2,2,1.33256292731033,3,1,1,2,3,2,6
1,1,3,4,1.00869561361106,3,1,1,2,3,2,12
3,2,2,3,0.36157115051834,3,2,3,4,3,1,9
1,1,3,1,1.08702426112365,3,1,1,2,3,1,9
2,2,2,2,1.53861399477344,1,1,1,2,3,1,5
3,2,2,1,0.602283668760585,3,1,1,2,3,1,9
1,1,2,4,0.933774422060781,3,1,1,3,3,2,8
1,1,3,2,0.365027741409376,2,1,1,1,3,1,11
3,2,2,2,0.939721120987114,3,2,2,1,3,1,2
3,2,2,4,0.635524608248425,3,2,1,3,4,1,10
3,3,2,4,0.520439139950944,2,2,1,2,1,1,3
1,1,2,3,1.67146284763384,3,2,1,3,4,1,12
3,2,2,3,1.00528194154556,3,2,1,3,3,1,9
2,2,2,3,0.346491622753821,3,2,3,3,3,1,6
3,3,2,2,0.730424896092193,3,2,1,1,1,1,5
1,1,2,2,0.64472861164906,2,2,3,1,4,1,13
2,2,1,3,0.611190940040374,2,2,1,1,1,1,1
1,1,1,1,1.18454511117661,2,2,3,1,1,1,9
2,2,2,4,0.861813653217417,3,2,3,2,1,1,3
2,2,2,4,0.813492376084454,3,1,1,3,3,1,1
1,1,2,4,1.23305342060329,3,2,1,2,4,1,14
1,3,2,4,0.956000004175751,3,2,1,2,1,1,11
1,1,3,3,0.334922723807369,3,2,1,3,4,1,10
1,1,2,4,1.41268323092645,1,2,2,2,1,1,2
2,2,2,4,1.70473079696803,2,2,2,1,1,1,5
1,1,3,4,0.587543145767428,3,1,3,2,3,1,12
3,2,2,2,0.569014399838447,2,2,4,1,3,1,14
3,1,2,3,2.69586151328872,1,2,1,2,1,1,1
2,2,1,2,0.7469535626491,3,2,1,1,3,2,11
3,3,2,1,1.07427156253163,2,2,1,2,3,1,6
1,1,3,2,0.566975071379308,2,1,4,3,4,1,14
3,2,1,1,0.441050820491739,3,2,1,3,3,1,10
1,1,2,2,0.659517735497708,1,1,1,3,3,1,8
3,3,2,1,0.863441511265758,3,2,1,2,3,2,12
3,2,2,2,0.638876996774384,3,1,4,1,3,1,16
1,1,3,3,1.00869561361106,3,1,1,2,3,2,5
3,3,2,2,2.11477170841876,3,2,1,1,1,1,6
3,3,2,3,1.89914177404876,2,1,2,3,1,1,5
3,3,2,4,0.669568663575546,3,2,1,3,4,1,12
1,2,2,4,0.822000532842229,3,1,1,3,4,2,11
1,1,3,2,0.659517735497708,1,1,1,3,3,1,3
3,2,1,4,0.493520860692794,3,2,1,3,3,1,9
1,1,3,4,0.671426893105957,3,1,1,1,4,1,9
1,1,3,4,1.03284165817669,3,2,1,2,1,1,3
1,3,2,4,0.73448975820799,3,1,1,1,3,1,10
3,3,1,1,2.06605528239537,1,2,3,3,1,1,97
3,2,2,2,1.17561059952163,3,1,4,2,4,1,16
3,3,2,1,0.964534463689974,3,1,1,1,3,1,3
3,3,2,3,0.591277006904864,3,2,1,1,3,1,3
1,1,2,4,0.762196588387063,3,2,1,3,2,1,4
1,1,3,4,1.40465764644739,3,1,1,1,1,1,14
3,3,2,4,1.58389193569907,3,2,1,3,1,1,3
3,3,2,4,0.437353385996744,3,2,2,1,1,1,1
2,2,1,1,0.635833141113488,4,2,1,1,4,1,8
1,1,2,3,0.877237285553788,1,2,1,1,3,1,11
3,3,2,3,0.481987103422154,3,2,1,1,3,1,11
1,1,3,3,0.481009010357875,3,2,1,1,3,1,7
1,1,3,4,0.847497867452771,4,2,1,2,1,1,6
3,3,2,3,4.20220311786481,3,1,1,1,2,1,3
2,2,2,3,0.9999300305458,1,2,4,4,2,1,4
3,2,1,4,0.567567277658647,4,1,1,3,3,1,12
3,3,2,3,0.669568663575546,3,2,1,3,4,1,11
3,3,2,2,0.679161227279008,3,2,2,1,1,1,3
1,1,3,4,0.688343582482753,3,1,1,3,2,1,5
2,2,1,2,1.04053553778315,3,1,1,1,4,2,7
1,1,2,4,1.17389002822932,3,2,1,2,4,1,12
1,1,3,1,0.692563683702413,4,1,1,2,4,1,97
3,1,2,2,0.834978256547102,4,2,1,1,4,1,8
1,1,3,4,0.420395808508702,4,1,4,1,4,1,9
1,2,2,2,4.02240044857541,3,1,4,2,1,1,9
2,2,1,2,1.13897805629087,3,1,1,1,1,1,12
1,1,3,1,1.1225113402814,4,2,1,2,2,1,97
1,1,2,4,0.725516189694194,4,1,1,1,4,1,8
3,3,2,4,0.989146016358795,4,2,1,2,2,1,7
3,2,1,4,0.834978256547102,4,2,1,1,4,1,9
3,2,2,3,0.639222024040472,4,2,1,3,3,1,4
1,1,2,3,1.15923967920237,4,1,1,2,3,2,3
3,1,2,4,0.638876996774384,3,1,4,1,3,1,10
3,3,2,2,2.22160639740119,2,2,1,1,3,1,10
1,1,2,2,0.313576740081402,2,2,1,3,2,1,5
1,1,1,4,0.986588111011408,4,2,1,2,1,1,6
1,3,3,2,1.15446592450797,2,2,1,2,2,1,9
1,1,2,2,0.986588111011408,4,2,1,2,1,1,5
3,3,2,3,0.451807415190129,3,2,1,3,1,1,4
2,2,1,3,0.432409401042534,3,2,1,1,2,1,2
3,3,2,3,0.627365639979283,4,1,1,3,1,1,8
3,1,2,3,0.450255457097993,3,2,1,3,3,1,4
3,3,2,2,0.343042722884242,3,2,1,2,1,1,2
3,1,2,2,0.46720417687781,4,1,1,1,4,1,5
1,1,2,2,0.809090650735058,3,2,1,1,4,1,11
3,2,2,4,0.807448768725687,3,2,1,1,4,1,13
1,1,2,1,0.752652130580932,4,1,1,3,4,1,7
3,2,2,4,0.519560996829662,4,2,1,1,2,1,6
1,1,2,4,0.950611236792828,3,1,3,1,4,1,9
1,1,3,4,0.671159488554236,4,1,1,1,3,1,8
3,3,2,2,0.821222104524653,3,2,1,2,1,1,10
1,1,3,4,0.753795518120959,4,2,1,1,1,1,3
1,1,3,4,1.15886809995866,4,1,1,2,2,1,8
2,2,2,3,2.3477423284713,2,2,4,1,4,1,13
1,1,2,1,0.792725086754466,4,2,1,2,2,1,3
1,1,3,1,0.40490046800768,4,1,4,4,4,1,5
1,1,3,4,0.96257714063611,3,1,1,1,3,1,8
3,2,2,4,0.877215736101486,4,1,1,2,2,1,8
2,2,1,3,0.730832563563394,3,2,1,1,2,1,5
1,1,2,1,0.93115799138321,4,1,4,3,2,1,9
1,1,3,3,0.488211794005786,3,2,2,1,2,1,4
3,3,2,1,2.54499663750993,1,2,1,3,3,1,97
3,3,2,1,0.507345832901594,4,2,1,2,2,1,10
3,2,2,1,1.78357214859394,4,2,1,2,2,1,4
3,2,1,1,0.557658197188717,3,2,1,1,2,1,9
1,1,2,1,0.671159488554236,4,1,1,1,3,1,9
3,3,3,2,0.849695156577648,4,2,1,2,2,1,3
2,2,2,3,0.715531144072076,2,1,2,3,3,1,6
3,2,1,4,0.920835479561569,1,2,1,1,3,1,3
1,1,3,3,0.849695156577648,4,2,1,2,2,1,5
3,3,2,2,0.354936549476668,4,2,1,3,2,1,3
1,1,3,3,1.14193105970559,3,1,1,1,2,2,11
1,1,2,1,1.12597586153453,2,1,1,1,4,1,6
1,1,3,4,1.09532963381682,4,1,1,1,2,1,4
1,1,3,2,0.791700346792578,4,2,1,1,2,1,7
1,1,2,3,0.998071993827056,4,1,1,1,4,1,4
2,2,2,1,0.7469535626491,3,2,1,1,3,2,5
3,3,2,4,0.446244740894059,4,2,1,3,2,1,4
1,1,3,2,0.849695156577648,4,2,1,2,2,1,5
3,3,2,1,1.21294088584103,2,1,1,3,2,1,97
1,1,3,2,0.421107669204995,2,2,1,3,4,1,12
1,1,2,1,2.67221478696596,3,2,1,2,1,2,9
3,3,2,3,0.823351269055535,3,2,1,2,2,1,97
3,3,2,4,0.752265846138195,4,2,1,1,1,2,9
1,1,3,1,2.76486464418102,4,2,1,2,2,1,5
1,1,3,4,0.532049283409058,4,2,1,2,3,1,9
1,1,3,3,0.851816037678929,2,2,3,3,4,1,8
1,1,3,1,0.608163152693621,4,1,1,2,1,1,7
3,3,2,4,0.765170684936681,3,2,1,1,1,1,1
1,1,2,3,2.2214684257578,4,2,1,2,3,1,11
1,1,2,2,1.09532963381682,4,1,1,1,2,1,11
3,3,2,1,0.859158451972911,4,2,4,1,3,1,7
2,2,1,1,0.796943636460243,2,2,2,1,2,1,3
3,3,2,1,0.508505805205929,4,2,1,1,1,1,4
3,3,1,3,0.766021128025476,3,1,4,3,4,1,5
1,1,3,3,0.86642282778612,4,2,3,3,2,1,3
3,3,3,3,1.09637500061653,4,2,3,3,1,1,4
3,3,2,3,1.08770907942143,3,2,1,2,2,1,10
3,3,2,3,0.58782256277825,3,2,1,3,2,1,5
3,3,3,3,0.87494727948833,4,1,1,2,1,1,97
2,2,2,1,0.62766661800433,3,2,1,1,1,1,2
1,1,3,4,0.821222104524653,3,2,1,2,1,1,4
1,1,3,3,1.17716814741455,4,2,1,2,3,1,97
3,1,2,4,2.1898158289869,3,1,1,2,1,1,2
1,1,3,4,0.314772461668145,4,1,1,3,2,2,9
2,2,1,3,0.509824197049289,4,2,1,1,2,1,8
3,3,2,3,0.809163991959902,4,2,1,1,3,1,12
1,1,2,3,0.326221958318839,1,1,1,3,2,1,3
2,2,2,2,0.657418788094152,2,2,1,3,3,1,14
1,3,2,1,0.812060254796182,4,1,1,3,2,1,4
1,3,2,1,1.11960855574572,4,2,1,2,1,1,3
2,2,1,2,1.08375647184835,2,2,4,1,2,1,4
3,3,2,2,0.321377541929459,3,2,1,3,1,1,6
1,1,2,3,0.950816933193073,4,1,1,1,4,1,11
3,3,3,2,0.786583775179449,4,2,1,3,2,1,4
3,2,2,3,0.700891620676398,4,2,2,1,1,1,8
1,3,1,4,0.789653030706684,4,2,1,1,1,1,2
1,3,2,4,0.915676877440356,4,2,1,3,2,1,7
1,1,2,4,1.03913644897845,4,2,1,3,2,1,2
3,3,2,4,0.533726617741762,4,2,2,1,1,1,3
1,1,3,2,0.747299604255981,2,1,1,3,4,1,13
1,1,2,1,0.726990534723209,4,1,3,1,2,1,3
3,1,2,1,0.385472854523245,4,1,4,3,4,1,97
3,3,2,2,2.29684117818886,4,2,1,3,2,1,9
3,1,3,4,1.07279279862202,4,1,1,3,2,1,10
1,3,2,1,0.920469647942752,4,1,4,2,4,2,12
3,3,1,1,1.04559159115402,4,1,1,1,2,1,1
2,2,2,2,1.72388352368974,3,2,1,1,1,1,6
1,1,2,4,1.1225113402814,4,2,1,2,2,1,6
1,1,3,4,1.11479972258585,3,1,1,3,1,2,11
3,3,2,3,0.595814481912177,4,2,1,3,2,2,3
2,2,1,4,0.574012758159866,4,2,1,1,1,1,2
1,1,3,3,0.963235058997038,4,2,1,2,4,1,8
3,2,2,4,0.479074382513186,2,2,3,3,4,1,11
3,3,3,1,0.72334644578863,4,2,1,2,4,1,9
3,2,2,3,0.765170684936681,3,2,1,1,1,1,6
1,1,3,4,0.940674291552552,3,1,4,1,4,1,97
1,1,2,2,0.631175224988937,2,3,4,3,3,2,6
3,1,2,4,0.594273721474255,4,2,1,3,1,1,5
2,2,1,1,0.616133619802182,4,1,1,3,2,1,3
1,3,2,1,0.81156832924408,3,2,2,1,2,1,7
1,2,1,1,0.989146016358795,4,2,1,2,2,1,8
1,3,2,3,0.674271676330102,3,1,1,4,2,1,1
3,1,2,1,1.21917877925485,4,1,1,1,2,1,5
1,1,3,2,0.498403334053479,4,1,3,1,3,1,5
1,1,3,3,0.922366109474864,4,1,1,3,4,1,9
1,1,2,4,1.12722226437548,4,1,1,3,3,1,5
1,3,2,3,0.450255457097993,3,2,1,1,3,1,4
1,3,1,2,1.1004111969039,4,1,1,2,1,1,6
3,3,3,2,1.24794674915668,4,2,1,3,2,1,2
2,2,1,1,0.466934427272249,3,2,1,3,3,1,6
3,3,2,2,0.952750342812706,4,1,1,1,4,1,10
1,1,3,1,0.853408759083352,1,1,1,3,3,1,4
3,3,2,3,0.847497867452771,4,2,1,2,1,1,3
2,2,1,3,0.923295025572928,4,1,1,1,3,1,8
3,2,2,4,1.23729470678665,4,1,4,1,2,1,10
1,1,2,3,0.571719295592544,3,1,1,2,1,1,1
3,3,2,1,0.878040909155749,2,2,4,2,3,1,9
1,3,2,3,1.40950125286503,4,2,1,2,2,1,97
3,3,3,3,1.37771204648637,3,1,1,1,3,1,8
1,1,3,4,1.15886809995866,4,1,1,2,2,1,9
1,1,3,3,0.550352669417966,4,1,1,2,3,1,6
1,2,2,4,0.39797216144284,3,2,2,1,2,1,1
1,1,3,3,0.873936336723557,4,1,3,3,4,1,12
1,1,3,3,2.30417247822925,1,1,1,3,1,1,97
1,1,3,3,1.78161603984428,3,1,1,3,4,1,13
2,2,1,4,1.35748832401008,4,2,1,1,1,1,1
1,1,3,4,0.849695156577648,4,2,1,2,2,1,6
3,3,2,2,0.57513955387859,4,2,1,2,4,1,10
3,2,1,4,0.500829185650586,4,2,3,1,2,1,4
1,1,2,2,0.508505805205929,4,2,1,1,1,1,1
1,1,2,1,0.669568663575546,3,2,1,3,4,2,11
1,1,3,3,0.323250385766702,4,1,4,3,3,2,9
1,1,3,2,1.00869561361106,3,1,1,2,3,1,7
1,1,2,2,0.950816933193073,4,1,1,1,4,1,6
2,2,1,4,0.637867034843782,3,2,1,3,4,1,1
3,3,2,4,1.72813468674095,2,1,2,3,2,1,1
1,3,2,1,1.31881126457708,3,2,1,1,2,1,8
1,1,3,4,0.812060254796182,4,1,1,3,2,1,3
1,1,2,4,0.580230997107908,3,1,1,3,3,1,9
1,1,3,2,0.760225568237406,3,2,1,3,1,1,5
2,2,1,1,0.431291201807139,3,2,1,3,1,1,13
2,2,2,4,0.618006560009601,3,2,2,1,2,2,5
3,2,2,2,0.791700346792578,4,2,1,1,2,1,9
1,3,3,1,0.789653030706684,4,2,1,1,1,1,3
3,3,2,2,1.28015308437875,2,2,1,3,1,1,10
1,1,2,1,0.670760246124764,2,1,1,1,3,1,11
1,1,2,1,0.554652634351091,4,1,4,1,4,1,9
1,3,3,4,0.680532514356868,2,2,3,3,2,1,4
1,1,3,2,0.888685849440043,3,1,1,3,2,1,11
1,2,2,1,0.772420502227897,4,2,1,1,3,1,8
1,1,2,2,0.796214488835378,4,1,1,1,2,1,11
1,1,3,3,0.46720417687781,4,1,1,1,4,1,10
1,1,3,1,0.44257382163538,1,1,1,3,3,1,9
1,1,2,3,0.232066247218512,4,2,1,3,2,1,4
3,3,1,4,0.837535210678099,4,2,2,1,2,1,2
3,2,1,4,0.507544699290826,4,1,4,3,4,1,15
3,2,2,2,1.03551948408091,3,2,1,2,2,1,1
3,1,2,1,2.49258175226929,2,1,1,3,4,1,8
3,2,2,4,1.28315504304194,3,2,1,2,1,1,9
1,1,3,4,0.823351269055535,3,2,1,2,2,1,7
1,1,2,2,0.502294406885465,4,2,1,3,4,1,7
3,3,2,3,0.492740127794466,3,2,1,1,1,1,3
1,3,1,4,0.668508853841696,4,2,1,2,1,1,2
3,2,2,1,0.812132121450799,2,2,1,1,1,2,10
1,1,3,3,1.44838314900908,4,1,1,3,4,2,12
3,3,2,2,0.348583605872797,2,2,1,3,1,1,1
3,1,1,1,0.32221077043065,3,2,1,1,2,1,4
2,2,1,3,0.481987103422154,3,2,1,1,3,1,5
3,3,2,3,0.918168583251507,1,2,1,1,2,1,97
3,3,2,2,0.519362471979583,4,1,1,3,3,1,8
1,1,3,4,0.887287297390205,3,2,1,3,2,1,6
2,2,2,4,0.241783035449212,2,1,3,3,2,1,6
2,2,1,1,0.354936549476668,4,2,1,2,2,1,5
2,2,1,3,2.45199670620365,4,1,1,2,2,1,3
1,3,2,1,0.525835957100416,1,1,1,1,2,1,12
1,1,3,1,0.728942649949562,3,2,1,1,1,1,2
1,1,3,4,0.43470607916322,4,2,1,3,4,1,97
1,1,2,2,1.27243918065815,3,1,1,4,3,1,9
1,1,3,3,0.895004216634027,2,1,4,1,2,1,97
1,1,3,3,0.590353206910387,2,2,1,1,1,1,5
3,3,2,2,0.796214488835378,4,1,1,1,2,1,6
1,1,3,1,1.06865189043145,4,2,1,2,2,1,3
1,1,2,1,0.588195621072818,4,2,1,1,3,1,3
1,1,3,1,1.29112899069988,1,1,1,3,3,1,8
1,1,2,3,1.2176647022853,4,1,1,2,3,1,9
3,3,2,2,0.526202419858958,4,2,4,3,2,1,3
1,1,3,3,0.849695156577648,4,2,1,2,2,2,5
1,1,3,4,1.06588838500371,4,2,1,2,1,1,9
3,3,2,2,0.877215736101486,4,1,1,2,2,2,3
2,2,1,2,0.536438405199651,1,2,3,1,3,1,11
3,3,2,4,1.12826544272116,2,1,1,1,4,1,5
1,1,2,1,1.09338388450736,2,1,1,1,3,1,3
3,3,2,2,2.49418023465208,3,2,2,1,1,1,1
3,1,1,1,0.731695551059032,3,2,4,1,2,1,11
1,1,3,4,0.651062169165637,3,1,1,2,4,1,14
1,1,1,1,1.03612954547488,2,1,1,2,1,1,2
2,2,1,3,2.75771477758782,4,2,1,2,1,1,3
2,2,1,4,1.33421987181642,3,1,1,1,2,1,2
1,1,2,1,1.02118323746469,4,1,1,2,2,1,6
3,2,3,1,0.837535210678099,4,2,2,1,2,2,5
1,1,3,4,0.94233053750819,4,2,4,2,4,1,7
1,1,3,1,0.852500414715462,2,1,1,3,2,1,10
1,3,3,2,0.888685849440043,3,1,1,3,2,1,4
2,2,1,2,0.27975267964039,4,2,1,1,2,1,2
3,3,2,1,1.80955955405271,3,2,1,1,1,1,2
1,1,3,2,1.25312562712769,4,1,1,3,4,1,13
3,1,1,1,1.07341084421298,4,1,1,2,1,1,10
2,2,2,2,0.859170349443374,2,1,1,1,4,1,11
1,2,2,2,0.812785975030692,1,1,3,2,2,1,6
3,1,2,2,0.86131393038358,4,1,4,1,4,1,15
1,1,2,1,2.67699962346673,3,2,1,1,1,1,1
3,3,3,1,0.736537794762941,2,2,3,1,1,2,14
3,2,2,4,0.623808787332981,4,2,1,3,1,1,7
3,3,2,3,0.786583775179449,4,2,1,3,2,1,3
3,2,2,3,0.791700346792578,4,2,1,1,2,2,7
3,3,2,4,0.823351269055535,3,2,1,2,2,1,4
3,2,1,4,0.823351269055535,3,2,1,2,2,1,2
3,3,2,4,1.07316759106149,3,1,1,2,4,1,8
2,2,1,4,0.947006503986009,3,1,2,1,3,1,6
3,1,2,3,0.557658197188717,3,2,1,1,2,1,2
3,2,1,1,0.522423663146331,4,1,1,2,1,1,97
3,2,2,2,1.33645154747999,3,1,2,4,1,1,6
1,1,3,2,0.640675831011946,4,1,1,2,3,1,10
1,1,3,3,2.29548309781246,3,2,1,2,1,1,3
3,3,3,4,1.64351542603761,3,1,3,3,2,1,2
1,1,3,1,1.12132132986979,4,1,3,2,4,1,13
1,1,2,4,1.00585042251076,3,2,1,3,4,1,11
2,2,1,3,0.553170606352562,1,2,3,3,4,1,5
1,1,3,2,0.421354573809017,3,1,1,3,3,1,14
1,2,2,1,0.793064292437833,3,2,2,1,3,1,10
2,1,1,3,0.788455253040791,4,1,1,1,4,1,3
3,3,2,3,1.1135463974654,2,1,2,3,1,1,1
3,3,1,1,0.973117666321906,1,2,4,1,4,1,1
1,1,3,3,1.18272144198461,1,1,1,1,4,1,9
1,1,3,1,1.34074395469285,2,1,3,3,3,1,15
1,1,1,1,0.87278479358056,3,1,2,1,4,1,11
3,2,1,4,2.19297622873543,4,2,1,3,1,1,2
2,2,1,4,0.833283840999975,4,2,1,1,4,2,8
3,2,2,3,1.06865189043145,4,2,1,2,2,1,6
1,1,2,3,0.398597015697116,4,1,1,1,1,1,6
2,2,1,3,0.487491953710189,3,1,4,1,3,2,5
3,2,3,1,1.01467336214334,2,2,1,2,1,2,1
1,1,3,4,0.705349635537368,4,1,1,1,2,1,10
1,1,1,3,0.730832563563394,3,2,1,1,2,1,10
1,2,1,1,4.66159420141826,4,2,1,3,4,1,9
1,1,2,4,0.725516189694194,4,1,1,1,4,1,10
1,1,3,1,1.10371967956281,4,1,1,3,1,2,4
1,2,2,2,3.76513449332926,4,1,1,2,2,1,4
3,3,2,3,0.572299514841554,3,2,1,2,2,1,7
1,1,2,2,0.430005414590379,3,1,3,3,3,1,2
3,3,2,4,0.647782453418191,3,2,1,2,1,1,2
1,3,2,2,0.270152656738782,4,2,1,3,2,1,6
3,1,3,2,0.669568663575546,3,2,1,3,4,1,97
2,2,1,4,0.494516959509901,3,2,3,3,3,1,6
3,1,2,2,0.617386477871826,4,1,1,3,2,1,12
3,1,2,2,0.879448155862356,2,2,4,1,4,1,15
1,1,3,3,1.23305342060329,3,2,1,2,4,1,11
3,1,3,1,1.40931285592227,1,1,4,2,3,1,5
1,3,3,1,1.34973724353429,4,1,1,2,2,1,4
3,3,1,4,0.75421622929102,4,2,1,1,2,1,9
1,1,3,2,0.796214488835378,4,1,1,1,2,1,3
1,1,3,4,0.787811717630775,3,1,1,3,2,1,10
3,2,1,1,0.556216107890462,3,2,1,1,1,1,1
2,2,2,4,1.63880794110492,4,2,1,3,2,1,5
1,1,3,2,0.877215736101486,4,1,1,2,2,1,6
3,3,2,2,1.03551948408091,3,2,1,2,2,1,1
1,1,3,2,0.334357065212286,3,1,1,3,4,1,5
1,1,2,1,1.01041667688931,3,1,1,1,3,1,10
3,3,2,4,0.858747622671724,2,2,1,1,4,1,4
3,3,2,1,0.752265846138195,4,2,1,1,1,1,2
1,1,3,1,1.08770907942143,3,2,1,2,2,1,5
3,2,1,4,0.784076729750485,3,2,1,1,3,1,11
1,1,3,3,0.824318520181987,4,1,1,3,2,1,10
3,2,1,4,0.881952577667262,4,1,2,1,2,1,12
1,1,3,4,0.87494727948833,4,1,1,2,1,1,97
3,3,2,2,0.834978256547102,4,2,1,1,4,1,97
1,3,3,4,0.960262595811803,4,2,1,3,3,1,8
3,3,1,3,0.881368936882822,4,1,1,1,3,1,13
3,3,2,3,1.26862494861928,3,1,1,2,3,1,12
1,1,3,4,0.65704627230793,4,1,1,2,1,1,3
1,2,2,2,1.14914075546424,3,1,1,2,4,2,6
1,1,3,3,0.795662118368521,3,1,1,2,3,1,97
2,2,1,3,0.794155499297963,4,1,1,1,1,1,5
3,3,2,1,0.768147495179707,3,2,1,3,2,1,3
1,1,2,1,0.575500988442776,4,2,1,1,2,1,8
3,3,1,3,2.1245659975717,3,2,1,3,2,1,6
1,3,2,1,0.859170349443374,2,1,1,1,4,1,11
1,1,2,3,0.566105807955933,3,1,3,3,3,2,11
1,1,3,3,0.963235058997038,4,2,1,2,4,1,6
1,1,2,4,1.86015454207816,1,2,1,3,1,1,5
3,3,3,4,0.965173176523441,3,1,2,1,2,1,6
2,3,2,3,1.35791090290965,3,2,1,2,2,2,7
1,1,2,1,1.09338388450736,2,1,1,1,3,1,10
3,3,2,2,0.755749867220768,4,2,1,1,2,1,2
3,2,2,3,0.920835479561569,1,2,1,1,3,1,2
3,3,2,4,1.33411028677489,4,2,2,1,3,1,3
1,1,2,1,0.996371957498566,4,1,1,2,4,1,11
3,2,1,1,0.440537894755204,3,2,1,5,2,1,97
3,3,3,2,1.52508060603081,2,2,2,2,1,1,97
2,2,1,3,0.799309114946102,3,2,1,3,3,1,3
1,3,3,1,0.222598833984775,4,2,4,3,2,1,8
3,3,1,3,0.591265191791309,1,2,3,3,2,1,1
3,3,1,1,0.837535210678099,4,2,2,1,2,1,3
3,3,2,2,0.847497867452771,4,2,1,2,1,1,9
3,3,2,4,0.506033850042145,4,2,1,2,1,1,2
2,2,2,3,0.492025930597507,4,2,1,3,4,1,3
1,1,3,4,0.849695156577648,4,2,1,2,2,1,97
3,3,2,2,0.389557685830581,2,1,1,1,3,1,6
3,1,2,1,0.537693485827499,4,2,1,1,4,1,9
3,2,2,2,4.3281592420659,2,2,1,3,1,1,7
1,1,3,4,0.627365639979283,4,1,1,3,1,1,5
2,2,2,3,0.566415517344216,4,1,1,1,3,1,8
1,1,3,1,0.609739923955098,4,1,1,2,2,1,6
1,1,3,2,0.998071993827056,4,1,1,1,4,1,6
1,1,3,2,3.46271858477981,2,4,1,3,2,1,3
1,1,3,4,0.776188776554802,3,1,3,2,3,1,11
3,3,2,2,0.212884479635596,3,2,1,1,2,1,4
1,1,3,1,1.00869561361106,3,1,1,2,3,1,11
3,3,2,3,0.755749867220768,4,2,1,1,2,1,10
3,3,3,2,1.49493269092995,3,2,1,4,3,1,97
3,2,3,1,0.849695156577648,4,2,1,2,2,1,2
2,2,2,1,0.939721120987114,3,2,2,1,3,1,5
3,2,2,3,0.879448155862356,2,2,4,1,4,1,14
3,3,2,3,1.27103791956836,4,2,1,2,3,1,8
3,2,2,3,0.786583775179449,4,2,1,3,2,1,97
3,3,3,2,1.20736766123496,3,1,1,2,2,1,97
1,1,3,3,0.812060254796182,4,1,1,3,2,1,2
1,1,3,2,2.24958865007941,3,1,1,3,4,1,11
1,3,2,1,0.639963501181619,2,2,3,3,3,1,13
1,1,3,1,2.7135717461944,4,1,4,3,3,2,4
3,3,2,2,1.33421987181642,3,1,1,1,2,1,1
1,1,3,3,0.536883125748295,4,1,3,2,3,1,7
2,2,1,1,0.636006340574304,3,2,3,1,2,1,2
3,2,2,4,0.821222104524653,3,2,1,2,1,1,7
1,1,3,3,1.03730906033223,4,2,1,2,3,1,97
1,1,3,2,0.85326113336746,4,1,1,3,3,1,4
1,1,3,4,0.757888834822985,4,1,1,3,1,1,5
1,1,2,4,0.76041508797514,3,1,1,3,3,1,10
3,3,2,4,0.775253851332426,2,2,1,1,1,1,97
1,1,3,1,0.884992795986846,3,2,1,2,1,1,9
1,1,3,4,1.15886809995866,4,1,1,2,2,1,9
1,1,2,3,1.20712867888859,2,2,2,1,4,1,11
1,1,3,1,1.07299422848083,4,1,1,2,3,1,4
3,3,3,4,0.780778788892994,4,2,1,2,1,1,8
1,1,2,4,0.798207285226599,3,1,1,4,3,1,8
1,1,2,1,0.770853034694902,4,2,1,1,3,1,7
1,1,2,3,0.89106812327159,4,2,1,2,3,2,9
1,1,2,3,1.08770907942143,3,2,1,2,2,1,1
1,1,2,2,2.9713385099885,3,2,1,1,4,1,6
1,1,2,2,2.78907992384599,3,1,3,1,2,1,3
1,3,3,4,0.886069401417596,2,1,1,2,4,1,8
1,1,3,1,0.523778139514583,4,1,1,2,2,1,10
3,3,2,4,0.423822985928847,3,1,4,3,4,1,4
2,2,1,3,0.809163991959902,4,2,1,1,3,1,97
1,1,3,2,1.17716814741455,4,2,1,2,3,1,11
2,2,1,1,0.575500988442776,4,2,1,1,2,1,8
2,2,2,2,1.06238306895174,3,2,3,3,1,1,3
1,3,3,2,0.400514687256938,1,1,3,1,2,1,10
1,1,2,1,1.12826544272116,2,1,1,1,4,1,6
3,3,1,2,0.625815287497582,2,1,3,1,2,1,3
3,3,2,3,0.748472432531438,3,2,1,1,3,1,9
3,3,3,4,1.04705500919256,2,2,4,2,4,1,97
1,3,2,4,0.768147495179707,3,2,1,2,2,1,2
3,3,1,1,1.12826544272116,2,1,1,1,4,1,9
3,3,2,4,0.979717733056901,1,2,4,1,3,1,3
3,1,2,4,0.824318520181987,4,1,1,3,2,1,97
3,3,2,1,1.09224956202189,3,1,1,1,4,1,14
1,1,1,1,1.29274762739662,3,2,2,1,3,1,8
1,1,3,3,2.30583399488,2,1,1,1,3,1,14
3,3,2,4,0.899597631656484,2,2,1,1,4,1,10
3,3,3,1,1.34790213470307,3,2,1,1,3,1,8
1,1,2,1,0.358181516201142,3,2,1,1,1,1,11
1,3,1,2,0.588564099961899,2,1,3,2,3,1,8
2,2,2,1,2.32483111616722,3,1,1,2,1,1,4
3,3,1,2,0.389294745437153,3,2,1,3,1,1,2
3,3,2,4,0.956000004175751,3,2,1,2,1,1,3
2,2,1,4,0.796214488835378,4,1,1,1,2,1,9
1,3,2,4,1.37914975143724,3,2,3,3,2,1,5
2,2,2,3,1.11960855574572,4,2,1,2,1,1,97
3,3,3,3,0.989146016358795,4,2,1,2,2,2,13
1,1,2,4,1.35533783557592,3,1,2,1,4,1,9
3,3,2,4,0.557658197188717,3,2,1,1,2,1,6
3,3,2,4,1.12068619794512,4,2,1,2,3,1,4
2,2,1,4,0.765822685581452,3,2,4,3,3,1,8
1,1,3,3,0.89106812327159,4,2,1,2,3,1,10
1,3,2,2,0.56995924634173,3,2,1,1,3,1,9
1,1,3,4,0.755749867220768,4,2,1,1,2,1,5
1,1,3,2,0.994323333780001,4,1,4,2,4,1,5
1,1,2,2,1.04053553778315,3,1,1,1,4,1,9
2,2,1,3,1.00324963071908,3,2,4,2,2,1,4
3,3,2,4,1.85837486023611,2,1,1,3,4,1,11
3,2,2,1,0.952750342812706,4,1,1,1,4,1,11
1,1,3,2,0.703366189229602,3,1,1,1,4,1,2
3,1,2,3,0.809090650735058,3,2,1,1,4,1,7
1,1,3,4,1.00528194154556,3,2,1,3,3,1,10
1,3,3,1,0.849695156577648,4,2,1,2,2,1,2
3,2,1,1,0.809163991959902,4,2,1,1,3,1,9
1,1,3,4,1.09224956202189,3,1,1,1,4,1,11
1,1,3,4,0.471584698182886,3,2,1,3,2,1,2
1,1,1,2,0.849695156577648,4,2,1,2,2,1,4
3,1,2,4,1.14193105970559,3,1,1,1,2,1,1
1,1,3,4,1.90578078842545,3,1,2,3,4,1,6
1,1,2,2,1.23938734911701,1,1,1,2,4,2,7
1,1,3,3,0.755284277887582,3,1,1,2,1,1,8
3,2,3,3,0.450255457097993,3,2,1,3,3,1,7
1,1,2,1,1.02476698342875,2,1,2,1,3,2,9
1,1,3,2,0.376613863129387,1,1,4,1,2,1,4
1,1,2,3,0.784076729750485,3,2,1,1,3,1,16
1,3,2,4,0.351237241341998,3,1,3,1,3,1,11
2,2,1,4,0.748472432531438,3,2,1,1,3,1,10
1,1,3,3,1.6345700272615,4,2,1,3,1,1,10
3,3,2,2,2.18271190115204,2,2,1,1,3,1,9
3,3,3,2,0.814732647702336,2,2,3,5,1,1,4
3,3,2,2,0.557658197188717,3,2,1,1,2,2,3
1,3,2,2,0.775686538907566,2,2,1,1,2,1,11
3,3,2,3,0.507345832901594,4,2,1,2,2,1,13
1,1,3,4,0.996371957498566,4,1,1,3,4,1,9
1,2,1,4,1.44197855247241,1,1,1,3,3,2,7
1,3,2,4,0.578515870785629,3,2,1,3,2,1,3
1,1,2,4,2.69522000451425,3,2,1,2,3,1,2
1,1,3,1,0.849695156577648,4,2,1,2,2,1,4
1,1,3,4,0.921722358375473,4,1,1,2,3,1,12
1,1,2,3,0.874697573819747,4,2,1,1,4,1,13
1,1,3,2,2.67944889745632,1,2,1,2,1,1,97
1,1,3,1,0.741039815506466,4,2,1,3,2,1,8
3,3,2,4,1.09224956202189,3,1,1,1,4,1,14
3,2,2,1,0.657690600288781,4,2,3,1,2,1,4
2,2,1,4,1.75984764324931,3,2,2,3,2,1,1
1,1,3,1,0.559889459107029,4,2,1,3,2,1,9
3,2,2,3,0.653933433674151,2,2,1,1,4,1,9
3,2,2,3,0.830668633944676,3,1,4,3,2,1,10
1,1,2,4,0.959989368984921,3,1,1,2,2,1,8
3,3,2,3,2.35448116837835,3,2,2,3,2,1,97
3,3,2,4,2.8492917785115,4,2,1,2,1,1,3
1,1,3,2,0.735359139298921,3,1,1,1,2,1,11
1,1,3,4,0.558841950570133,4,2,3,2,2,1,12
2,2,1,3,0.809090650735058,3,2,1,1,4,1,9
1,1,3,1,0.411809466064898,3,1,4,3,3,1,11
1,1,2,4,0.678725963122156,2,1,1,4,4,1,11
3,3,3,4,1.08770907942143,3,2,1,2,2,1,1
1,1,2,3,1.79241414335167,3,3,3,1,2,1,2
3,2,2,2,0.491616119188024,3,2,1,2,2,1,3
1,1,3,4,1.0213189044498,4,1,1,2,2,1,4
1,1,2,3,1.03924475971774,2,1,1,3,1,1,10
3,2,2,1,0.849695156577648,4,2,1,2,2,1,2
3,3,2,1,1.95073503350965,2,2,1,3,4,1,10
3,3,2,2,0.809090650735058,3,2,1,1,4,2,9
2,2,2,3,0.959989368984921,3,1,1,2,2,1,97
3,2,2,3,0.755749867220768,4,2,1,1,2,1,9
2,2,1,4,0.508679679314905,1,3,3,3,2,1,1
1,1,2,2,0.93115799138321,4,1,4,3,2,1,5
1,1,3,3,1.02118323746469,4,1,1,2,2,2,9
2,2,2,4,0.484802385686538,2,2,3,1,3,1,5
3,3,3,4,1.60539391603446,2,2,1,3,1,1,2
3,2,1,3,0.857004972115853,2,2,1,1,4,1,11
1,2,2,4,0.870364158569517,2,2,4,2,3,1,2
1,1,3,3,0.64840595500207,3,2,1,2,3,1,12
2,3,1,2,0.809163991959902,4,2,1,1,3,1,6
1,1,2,3,0.933704009501223,2,1,1,3,4,1,16
3,3,1,4,0.920835479561569,1,2,1,1,3,1,4
1,1,2,3,0.746051766892944,1,2,4,1,3,1,5
1,1,2,2,0.722065849081727,2,1,1,2,2,2,97
1,1,3,3,0.366432507127095,4,1,1,3,2,1,9
3,3,2,2,1.02118323746469,4,1,1,2,2,1,5
3,3,2,4,0.598692067429131,4,2,1,2,2,1,6
1,1,2,3,0.521070104558431,4,2,1,1,3,1,12
3,3,2,2,0.761961330784539,3,1,1,4,3,1,8
3,3,2,4,0.618705954176231,1,1,3,1,3,1,9
1,1,1,1,0.950816933193073,4,1,1,1,4,2,16
1,1,3,4,0.809960288528521,4,1,1,4,1,1,4
3,1,2,3,0.87958038105194,4,1,1,1,3,1,12
1,1,2,4,0.61353412371333,4,1,1,1,4,1,6
1,1,3,2,0.561425247153213,4,1,1,3,4,1,8
3,3,1,1,0.557658197188717,3,2,1,1,2,1,6
1,1,3,4,0.823351269055535,3,2,1,2,2,2,11
3,3,2,1,0.770853034694902,4,2,1,1,3,2,4
1,3,2,1,1.08702426112365,3,1,1,3,3,1,14
1,3,2,4,0.380164478780272,2,2,1,1,1,1,8
1,1,3,3,1.11465163806817,3,1,1,2,1,1,7
3,3,2,1,0.873883469402142,2,2,1,2,2,1,3
1,1,3,1,1.09038911112586,3,1,1,2,4,1,11
1,1,3,1,0.849695156577648,4,2,1,2,2,1,7
3,2,2,4,2.13049475435826,3,2,1,3,2,1,1
3,3,2,1,0.790675120718226,4,2,1,2,1,1,3
1,1,3,3,0.456615019277206,4,2,1,4,4,1,8
3,3,3,3,1.03284165817669,3,2,1,2,1,2,9
1,1,3,3,1.63732409631314,1,1,1,2,4,1,6
3,3,2,4,0.520130889310253,3,1,2,1,1,1,97
3,3,2,1,0.618006560009601,3,2,2,1,2,1,3
1,3,2,1,1.92061910950758,2,2,1,3,1,1,10
2,3,2,1,0.491081987319329,4,2,2,1,2,1,4
3,3,2,2,2.67914297960953,3,2,1,2,2,1,10
3,3,2,4,1.03730906033223,4,2,1,2,3,1,7
1,1,3,2,0.996371957498566,4,1,1,2,4,1,97
1,1,2,1,0.772420502227897,4,2,1,1,3,1,8
1,1,2,4,1.29112899069988,1,4,1,3,3,1,12
1,1,1,1,0.486000888726359,3,2,1,3,1,1,97
3,3,1,1,0.81156832924408,3,2,2,1,2,2,5
3,2,2,4,0.405240804625701,3,2,1,3,2,1,2
3,3,1,1,1.04559159115402,4,1,1,1,2,1,4
3,1,1,3,1.1986843836972,3,1,1,1,2,1,3
1,1,3,2,0.786583775179449,4,2,1,4,2,1,2
1,1,3,1,1.26934234849036,3,1,1,2,4,1,6
1,1,3,2,1.25312562712769,4,1,1,2,4,1,6
3,2,1,2,0.557658197188717,3,2,1,1,2,1,10
3,3,1,2,0.64118080836638,3,2,3,3,2,1,11
3,3,2,4,0.843449271501944,2,2,2,1,3,1,7
3,2,2,4,2.41748111754909,4,2,1,3,4,1,9
1,1,2,3,0.809480995833467,3,2,1,1,4,1,12
1,1,2,2,1.68022736519779,3,2,4,2,2,1,2
1,3,2,4,0.575500988442776,4,2,1,1,2,1,6
3,3,1,2,0.87958038105194,4,1,1,1,3,1,2
2,2,2,1,0.575500988442776,4,2,1,1,2,2,5
2,2,2,4,1.06823611157414,3,2,3,3,1,1,7
1,1,3,2,0.295444205013918,3,2,1,4,2,1,11
2,2,1,3,1.23250167979203,2,1,1,1,1,1,2
1,3,3,4,0.402137283642946,4,2,1,3,3,1,9
1,3,3,3,0.877215736101486,4,1,1,2,2,2,3
3,2,2,1,0.433691365433107,3,1,1,3,3,1,10
3,1,3,4,0.770853034694902,4,2,1,1,3,1,1
2,2,2,4,0.971888304612626,4,2,2,1,1,1,6
3,1,2,1,0.460436190298206,3,2,1,3,1,2,2
1,1,3,3,1.2176647022853,4,1,1,2,3,1,11
3,3,1,2,1.19092799717602,3,3,1,1,2,1,3
3,3,2,1,0.667485636754623,2,2,3,3,4,1,12
3,3,2,4,0.850174053051761,3,2,2,1,2,1,4
1,1,3,1,0.658749781761024,4,1,1,2,2,1,97
3,3,2,1,0.708468345078176,4,2,3,2,2,1,9
1,1,3,4,0.824527404142268,2,1,1,3,3,1,9
3,3,2,1,1.14425308450207,3,1,1,1,2,1,3
1,1,2,2,2.76908400790782,2,2,1,2,4,1,7
3,2,2,4,0.56995924634173,3,2,1,1,3,1,97
1,1,3,1,0.415838145122457,4,1,1,3,2,1,97
1,1,1,3,1.04346977943724,4,1,1,1,2,1,9
3,3,2,1,1.15258882575716,2,2,1,2,3,1,6
3,3,2,1,2.04267141110747,3,2,1,1,1,1,3
1,1,3,3,1.05594758187291,3,2,1,3,3,2,12
1,1,2,2,0.360678707311876,3,2,1,4,3,1,11
3,3,1,3,0.637299608220353,3,2,3,1,2,1,3
3,3,2,4,0.732318652693073,3,2,1,1,2,1,13
3,3,2,4,0.75421622929102,4,2,1,1,2,1,3
1,2,2,1,2.79958709311338,2,1,2,3,1,2,3
3,2,1,4,1.14067131083729,3,2,1,2,3,1,2
1,1,2,1,1.51609667050305,3,2,3,2,1,1,7
1,1,3,2,0.640675831011946,4,1,1,2,3,1,11
1,1,3,3,0.523778139514583,4,1,1,2,2,1,6
3,3,2,1,2.16011431934414,4,2,1,1,3,1,8
1,1,3,2,1.30616722062327,1,1,1,2,4,1,10
2,2,2,4,0.865352299021166,4,1,2,1,3,2,97
2,2,1,2,0.849695156577648,4,2,1,2,2,1,3
1,1,3,3,0.612289083199087,4,1,1,1,4,1,14
1,2,2,3,5.02905740842293,2,2,1,2,3,1,6
1,3,2,3,0.834978256547102,4,2,1,1,4,1,5
2,2,1,4,0.998071993827056,4,1,1,1,4,1,8
2,2,1,1,0.776841594486446,3,2,1,3,3,1,6
2,2,1,4,0.590077132602387,3,2,1,3,3,1,5
3,1,3,2,0.957506861953856,3,1,1,2,1,1,10
1,1,1,3,0.646441860566962,4,2,1,3,4,1,97
1,1,3,2,0.770378642877251,3,2,1,2,3,1,7
1,2,2,4,1.38053096339322,3,2,2,3,2,1,4
1,3,3,1,0.809090650735058,3,2,1,1,4,2,11
1,1,3,1,0.996371957498566,4,1,1,2,4,1,4
3,3,2,3,0.767154526181896,3,2,1,1,2,1,8
1,3,2,1,1.80528287957959,3,2,4,3,3,1,7
3,3,2,1,1.37033485237665,4,2,3,1,3,2,5
3,3,2,2,0.270378243941065,3,2,1,1,1,1,4
1,1,3,3,0.313958468436008,4,1,1,3,1,1,97
1,1,3,4,1.07299422848083,4,1,1,2,3,1,8
3,3,3,1,0.877215736101486,4,1,1,2,2,1,4
3,3,1,2,0.654925001540506,1,2,1,1,2,1,4
2,2,1,1,0.722886041069848,2,2,1,3,3,1,12
3,3,1,2,0.472817162434957,4,2,2,1,1,1,2
3,2,2,2,0.389557685830581,2,2,1,1,3,1,11
3,3,2,1,0.440537894755204,3,2,1,3,2,1,14
3,3,2,1,1.0081704715614,3,2,1,3,3,1,3
3,3,2,1,1.05594758187291,3,2,1,3,3,2,97
3,3,2,2,0.359110165558863,3,2,1,1,2,1,7
2,2,1,1,0.794955562163282,3,2,1,2,4,1,10
1,1,3,3,2.75829118519278,2,3,4,4,1,2,2
2,2,1,2,0.978158957469386,2,1,1,4,2,1,5
1,1,3,4,0.607316604775801,4,1,2,3,4,1,97
1,1,3,3,0.627365639979283,4,1,1,3,1,1,97
1,1,3,2,0.978158957469386,2,1,1,4,2,1,8
2,3,1,1,0.919224439208629,2,2,2,1,4,1,11
3,1,2,2,0.834978256547102,4,2,1,1,4,1,97
1,1,3,2,0.748230774418131,4,1,1,2,4,1,97
1,1,2,2,0.493034607772073,3,2,3,2,3,1,14
1,3,2,1,1.00691913725189,3,2,1,3,2,1,7
3,2,2,4,0.989146016358795,4,2,1,2,2,1,3
3,3,2,1,0.96165751060137,2,1,1,4,2,1,7
1,1,2,2,1.36880178732987,1,1,1,2,1,1,2
1,1,2,4,1.09532963381682,4,1,1,1,2,1,10
3,3,2,1,0.957506861953856,3,1,1,2,1,1,4
3,3,3,4,1.02118323746469,4,1,1,2,2,1,3
3,3,2,1,3.13926375248528,1,2,2,3,3,1,97
3,3,2,1,0.56836925197663,3,1,1,3,3,1,5
2,1,2,2,0.815906223555433,3,1,3,1,1,2,6
1,1,3,3,0.811888003530194,2,3,2,3,2,1,6
3,3,2,3,0.497408727845259,4,2,1,1,3,1,12
3,3,2,4,2.13049475435826,3,2,1,4,2,1,2
3,3,2,2,2.40140581130678,2,1,2,1,1,2,3
3,3,3,1,1.26558273868954,1,1,3,1,1,2,2
2,2,1,3,1.73420235440593,2,2,1,2,1,2,5
1,1,3,3,0.671159488554236,4,1,1,1,3,1,5
2,2,1,4,0.478063355474138,2,2,3,5,2,1,4
1,1,3,1,0.69195039755753,4,1,1,2,2,2,5
2,2,1,4,0.962583529697412,2,2,3,2,2,1,9
1,1,3,3,0.185605600147048,4,1,3,3,4,2,11
1,1,3,3,1.03453581082961,3,1,1,4,2,1,1
1,1,3,3,1.00049347812157,3,1,3,3,2,1,12
1,3,3,4,0.64946194477132,3,2,1,2,2,1,3
1,1,3,1,0.933774422060781,3,1,1,3,3,1,6
1,1,3,2,1.09038911112586,3,1,1,2,4,1,7
1,1,1,1,4.23779908335994,3,2,3,2,1,1,1
3,3,2,2,0.457697551911056,3,2,3,1,3,1,9
3,2,2,4,0.753795518120959,4,2,1,1,1,1,3
1,2,2,2,0.79467692477373,3,2,2,1,3,1,9
1,1,3,2,1.04868727619815,4,1,4,2,3,1,97
1,1,3,4,2.79825881466471,3,1,1,3,3,1,12
3,3,2,4,1.63392232407837,3,2,1,2,1,1,2
3,3,2,4,0.56995924634173,3,2,1,1,3,1,10
3,3,2,1,0.392160905775174,3,2,4,3,3,1,10
1,1,3,3,1.46386664888012,2,1,3,2,4,2,11
3,2,2,4,4.1767660665354,3,2,2,5,4,1,97
3,2,1,4,0.413584945006966,2,2,1,3,3,1,5
1,1,3,1,0.580230997107908,3,1,1,3,3,1,11
1,1,2,2,0.512646488509111,3,2,3,1,4,1,9
3,3,2,4,0.967135778407102,3,1,2,1,2,1,3
3,3,2,2,0.794955562163282,3,2,1,2,4,1,9
1,1,2,2,0.622797784113164,3,1,2,1,2,1,2
1,1,2,2,0.452342305553996,4,1,1,2,2,1,6
1,3,2,4,0.140390663179723,1,1,3,3,2,1,10
1,1,3,4,1.23358638673392,3,1,1,3,3,1,9
2,2,1,1,1.31881126457708,3,2,1,1,2,1,3
2,3,2,4,0.515553665692697,3,2,1,2,3,1,4
1,1,3,4,0.921722358375473,4,1,1,2,3,2,5
1,1,3,2,0.761961330784539,3,1,1,3,3,1,4
1,1,2,1,1.54207205342143,4,2,2,1,4,1,4
1,1,2,1,0.860366021332069,2,1,2,3,1,2,3
3,1,2,2,0.784076729750485,3,2,1,1,3,1,9
1,1,2,1,0.75291217924328,4,1,2,1,2,2,2
1,1,3,2,1.2510792497704,4,2,2,3,3,1,4
3,2,2,4,0.812132121450799,2,2,1,1,1,1,5
1,3,2,2,0.859158451972911,4,2,4,1,3,1,12
3,2,2,1,0.597026022652176,4,2,1,3,2,1,4
3,3,2,2,0.390304061381618,3,2,1,4,2,1,12
3,3,2,3,0.757888834822985,4,1,1,3,1,1,4
3,3,1,3,0.639164086061698,3,2,1,3,4,1,7
3,3,3,2,3.06433152979984,3,2,2,2,1,2,4
2,2,1,1,0.491616119188024,3,2,1,2,2,1,3
1,1,2,1,1.46406661442135,4,1,1,2,2,1,4
3,2,1,4,0.821554467553363,4,2,3,1,4,1,9
2,2,2,2,0.653933433674151,2,2,1,1,4,1,13
3,3,2,4,0.545174491357478,4,1,1,3,3,1,11
3,2,1,2,0.530201456058944,4,1,1,3,3,1,4
1,3,2,3,0.669568663575546,3,2,1,3,4,1,11
3,3,2,2,0.611899743190295,1,2,1,1,4,1,8
1,1,2,2,0.496464434373258,3,1,1,1,3,1,6
3,3,2,3,0.860995426575323,2,1,1,2,3,1,6
1,3,3,2,1.08770907942143,3,2,1,2,2,1,3
1,1,3,3,0.808975493279086,2,2,1,3,2,1,3
1,1,2,2,1.14653069245027,1,1,1,2,3,1,4
3,3,2,2,0.961470127194284,1,2,1,3,1,1,97
3,3,2,1,0.710662640259911,2,2,1,3,4,1,4
3,3,2,1,0.450255457097993,3,2,1,3,3,1,4
3,3,3,3,0.654550360158806,2,2,1,2,1,1,97
3,2,1,4,0.807448768725687,3,2,1,1,4,1,12
1,1,2,3,0.986588111011408,4,2,1,2,1,1,2
1,1,2,2,0.457635636425217,1,2,1,3,3,1,10
3,3,2,3,0.541515654928113,3,2,3,2,2,1,6
2,2,2,4,0.956000004175751,3,2,1,2,1,1,4
3,3,1,1,0.748472432531438,3,2,1,1,3,1,3
3,3,2,2,1.76563608812328,2,2,1,4,2,1,7
1,1,3,4,0.330742830731493,4,1,1,3,3,1,4
1,1,3,4,0.440537894755204,3,2,1,3,2,1,10
1,1,2,2,0.76041508797514,3,1,1,3,3,1,14
1,1,2,1,0.857004972115853,2,2,1,1,4,1,8
1,1,3,3,0.891305257175699,2,1,1,3,4,1,3
1,1,1,1,0.554693484249854,2,1,2,1,2,2,3
1,1,3,4,1.33421987181642,3,1,1,1,2,2,10
3,3,2,2,0.850174053051761,3,2,2,1,2,1,1
1,3,2,2,0.411882632855763,1,1,1,1,1,1,8
3,3,3,4,0.556216107890462,3,2,1,1,1,1,4
3,3,2,4,0.902100798543518,3,1,1,3,2,1,9
1,1,3,4,0.848095945754395,2,1,4,3,3,1,13
2,2,1,3,1.2538009311195,3,2,1,3,1,1,3
2,2,2,1,1.04346977943724,4,1,1,1,2,1,4
3,3,1,4,1.44307331620966,1,1,3,3,1,2,3
1,2,2,2,0.767154526181896,3,2,1,1,2,2,2
1,1,1,3,1.14425308450207,3,1,1,1,2,1,9
2,2,1,2,0.637780253105983,4,2,2,1,2,1,6
2,2,1,3,0.765170684936681,3,2,1,1,1,1,2
2,2,2,2,1.14653069245027,1,1,1,2,3,1,9
1,3,3,4,0.590077132602387,3,2,1,3,3,1,3
3,2,1,3,0.606035456162639,3,2,1,3,2,1,2
2,2,1,4,0.61611981613728,3,2,1,1,4,1,4
3,3,2,2,1.86785618957752,2,2,2,3,2,1,1
1,1,3,2,0.671159488554236,4,1,1,1,3,2,2
3,3,2,2,0.589798290598463,1,2,3,1,3,1,3
3,1,3,2,0.57513955387859,4,2,1,3,4,1,10
2,2,2,1,0.57930584732568,2,2,1,1,4,1,97
1,1,2,1,0.667274674578856,3,1,1,4,2,2,13
2,2,2,3,0.69440760776083,1,2,1,3,3,1,5
3,3,3,2,0.720843936098876,2,2,2,1,1,2,97
1,1,3,4,3.06595831686886,1,1,1,1,3,1,14
3,3,2,4,0.726143926411188,1,2,1,2,2,2,97
3,2,2,1,0.956000004175751,3,2,1,2,1,1,6
1,1,3,3,1.07356861187903,2,1,4,1,3,1,5
3,2,2,2,1.08920549897907,3,2,1,3,3,1,97
3,2,2,1,0.477740669839379,3,2,1,3,4,1,97
1,1,3,3,1.15923967920237,4,1,1,2,3,1,13
1,1,2,3,0.37190544250667,3,2,1,1,2,1,4
3,3,1,3,0.95847860440972,3,2,1,2,2,1,4
3,2,2,2,2.29548309781246,3,2,1,2,1,1,3
1,1,3,4,1.33215168066834,3,1,4,3,1,1,9
3,2,1,3,0.863441511265758,3,2,1,2,3,2,9
1,1,2,1,0.823351269055535,3,2,1,2,2,1,8
1,1,1,3,1.59134929424248,2,1,2,1,3,1,3
1,1,2,3,1.14193105970559,3,1,1,1,2,1,4
1,1,3,4,0.959989368984921,3,1,1,2,2,1,2
2,2,1,4,2.62097307581414,3,1,4,3,1,1,5
NA,NA,NA,2,0.821222104524653,3,2,1,2,1,1,4
2,2,1,2,0.481009010357875,3,2,1,3,3,1,6
3,3,2,1,2.49418023465208,3,2,2,1,1,1,3
3,3,2,3,0.732318652693073,3,2,1,1,2,1,11
1,1,3,4,0.990411419369616,1,1,1,1,2,2,5
1,1,3,4,0.933704009501223,2,1,1,4,4,1,12
3,3,2,1,1.67155844741128,4,2,1,3,3,1,97
2,2,1,1,0.71616454112675,4,1,4,3,3,1,97
1,1,3,1,0.254505789135648,4,1,3,3,3,1,1
2,2,1,4,0.776841594486446,3,2,1,3,3,1,97
1,1,2,3,0.788455253040791,4,1,1,3,4,1,14
1,1,2,1,0.879021076888776,1,2,1,1,3,1,6
1,1,1,1,0.569014399838447,2,2,4,5,3,2,3
1,1,2,1,1.55199627846097,4,1,4,3,2,1,4
3,3,2,4,1.73126119558518,4,2,1,2,3,1,9
3,3,2,2,0.304108760271657,4,2,1,3,1,1,6
3,3,3,3,1.03551948408091,3,2,1,2,2,1,5
1,1,2,3,0.767154526181896,3,2,1,1,2,1,5
1,1,2,2,1.70644351588793,4,2,1,3,3,1,3
1,3,2,3,0.952750342812706,4,1,1,1,4,1,9
3,1,2,1,2.09314229034858,3,2,1,1,3,1,7
1,3,2,3,1.56311607585248,2,2,2,3,1,1,3
2,2,1,3,0.262485534808203,1,2,1,4,2,2,97
2,2,1,1,0.782535095146044,2,2,4,1,1,1,97
2,2,2,4,1.14129407639285,3,1,1,1,1,1,4
3,2,1,3,0.456768749464096,3,2,3,1,3,1,4
2,2,1,4,0.154173509394387,3,2,3,2,3,1,4
3,2,2,4,0.990481489097842,3,2,3,5,3,1,9
3,3,1,3,0.829755560013147,3,2,4,3,3,1,6
1,1,3,1,0.206837726652166,3,1,3,3,4,1,15
3,3,2,4,1.00869561361106,3,1,1,2,3,1,11
1,1,2,3,0.886387731418198,3,1,1,3,1,1,11
3,3,3,2,0.224443065922497,3,2,3,1,3,1,12
1,3,2,1,2.02716655306111,3,1,1,3,1,1,3
2,2,2,4,1.18046650062985,1,2,1,2,3,1,9
1,3,2,2,0.730424896092193,3,2,1,1,1,2,9
1,1,3,4,1.23358638673392,3,1,1,3,3,1,8
1,3,1,4,1.0757516271463,2,1,4,1,3,1,1
1,3,2,1,0.947006503986009,3,1,2,3,3,1,13
3,3,1,4,0.796083051929805,3,2,3,1,4,1,2
1,1,3,4,0.854816421551756,1,3,2,1,3,1,9
1,1,3,3,0.785450192821051,3,1,1,2,2,1,5
3,3,1,4,0.765822685581452,3,2,4,3,3,1,9
1,1,2,4,0.967135778407102,3,1,2,1,2,1,7
3,2,2,4,1.46379341953718,2,2,3,3,2,1,7
1,1,3,4,0.959989368984921,3,1,1,2,2,1,2
1,3,1,2,0.987850241723624,1,1,1,1,1,1,6
1,3,2,3,1.59659969004076,1,1,1,1,1,1,97
1,3,2,2,0.879021076888776,1,2,1,1,3,1,16
3,3,2,3,0.618006560009601,3,2,2,1,2,1,8
1,1,3,2,1.60727796446594,4,1,2,3,4,1,9
1,1,3,1,1.66926522360904,3,1,1,2,2,1,11
3,3,2,1,0.873883469402142,2,2,1,2,2,1,9
1,2,2,4,0.389819599762092,2,2,1,1,4,1,8
2,2,2,2,4.35613081215665,2,2,2,2,1,1,3
2,3,2,3,1.44335314178998,3,2,3,2,2,1,6
3,1,2,2,1.28881756917522,2,2,1,3,3,2,9
3,3,2,2,0.637000110507899,2,2,1,2,3,1,5
1,1,2,1,1.29711060567614,2,1,1,1,2,2,9
1,3,2,4,1.11754157091215,3,1,1,2,2,2,11
3,3,3,4,1.19558461769281,3,1,1,1,1,1,2
1,1,1,1,0.861480154653873,1,1,1,2,4,2,12
1,2,2,3,2.25540378834514,2,2,1,2,1,1,5
1,1,2,1,1.26862494861928,3,1,1,2,3,2,11
3,3,1,4,1.55876721644945,2,1,1,2,4,2,10
1,1,3,2,0.63578741496291,2,1,3,2,3,1,12
2,2,1,1,1.04654911030992,2,1,2,1,2,1,9
3,3,3,1,1.08489629260872,3,2,1,2,1,1,97
1,1,2,2,0.578515870785629,3,2,1,1,2,1,2
2,2,2,2,0.577341892567596,3,2,1,4,2,1,5
3,3,2,1,0.888685849440043,3,2,1,4,2,1,6
3,3,3,2,0.53652265630304,3,2,2,3,1,1,3
3,1,2,4,2.37734575313094,2,1,2,3,2,1,97
3,1,2,4,3.84339093676703,2,1,2,1,2,1,8
1,1,3,1,0.916434202325684,2,2,1,2,3,1,8
3,3,2,2,0.628498069451597,3,1,3,3,2,1,6
3,3,3,1,0.587543145767428,3,1,3,2,3,1,9
2,3,2,3,1.02866044464762,2,1,3,2,1,1,8
2,2,1,2,0.705952288025211,3,1,1,3,1,1,3
2,2,3,1,1.14129407639285,3,1,1,1,1,1,2
3,3,2,1,0.474258423193866,3,1,2,1,2,2,1
3,3,2,4,0.478231210583933,3,2,2,4,2,1,97
1,1,3,3,1.01115262663751,3,2,3,3,3,1,5
3,2,1,4,0.711468440136416,3,2,2,1,1,1,5
2,2,2,4,0.635368495491235,2,2,2,2,2,1,7
1,1,2,2,0.547195155908769,2,2,1,2,3,1,11
2,2,2,4,2.5120545661981,1,3,4,3,1,1,97
2,2,1,1,0.901597595525967,3,1,1,4,1,1,5
1,1,2,2,1.11465163806817,3,1,1,2,1,1,11
1,1,3,4,1.44198216749414,2,1,1,2,3,1,5
3,1,2,1,0.809347899049003,3,1,2,1,1,1,9
2,2,2,2,0.642970332504529,1,2,2,1,2,2,97
1,1,3,3,2.47484237398118,3,1,1,3,1,1,3
1,1,2,1,1.62933063305528,1,1,2,2,1,2,8
3,2,2,4,0.902352469716593,2,2,2,1,2,2,8
3,1,3,1,0.348535150262496,3,2,3,1,3,2,6
1,1,3,1,1.33256292731033,3,1,1,2,3,1,12
3,3,2,3,0.508896788437845,2,1,3,1,3,2,11
1,1,3,4,1.00869561361106,3,1,1,2,3,1,11
1,1,2,4,0.758700750485625,2,1,1,2,3,1,4
3,1,2,1,0.523294017715447,2,2,3,2,3,1,10
1,1,2,4,0.605852932142295,2,2,1,2,1,1,7
1,1,2,1,0.616315709865315,3,1,2,1,1,1,5
3,3,2,1,0.636006340574304,3,2,3,1,2,1,8
3,3,1,4,1.01314173428328,3,1,2,1,2,1,12
1,1,3,3,1.18046650062985,1,2,1,2,3,1,10
3,3,2,2,0.957506861953856,3,1,1,2,1,1,97
1,3,3,4,1.60289559665749,3,2,2,1,1,1,2
3,3,2,3,1.19558461769281,3,1,1,1,1,1,1
3,1,3,2,0.899767989819311,3,1,1,3,1,1,3
3,2,2,4,2.2033127176275,3,1,3,3,2,1,6
1,1,3,3,0.886387731418198,3,1,1,3,1,2,11
2,2,2,1,1.24090056010572,3,1,1,3,1,1,4
3,1,2,2,0.7991710266939,3,2,3,2,2,1,97
3,3,2,1,0.679161227279008,3,2,2,1,1,1,2
1,1,3,2,0.719044826019644,3,1,1,2,1,1,3
3,1,2,4,1.11465163806817,3,1,1,2,1,1,3
2,2,2,1,0.649222189905519,2,1,3,3,2,1,1
1,1,3,1,0.795662118368521,3,1,1,2,3,1,11
3,3,2,4,0.820556729567971,3,1,3,4,2,1,11
1,1,3,4,0.933774422060781,3,1,1,3,3,1,10
2,2,2,4,2.03707966405732,2,2,2,1,2,2,8
1,1,2,2,1.2912847734899,1,2,1,1,3,2,4
1,1,1,1,1.3653979604874,3,1,3,2,2,1,1
3,3,2,1,0.520439139950944,2,2,1,2,1,1,1
1,1,3,3,1.33256292731033,3,1,1,2,3,1,9
1,1,3,3,0.719044826019644,3,1,1,2,1,1,2
1,1,3,3,0.587543145767428,3,1,3,2,3,1,7
1,2,2,2,0.4792036552162,3,2,2,3,2,2,4
1,3,2,4,0.67641311018938,2,2,3,1,2,1,7
3,3,2,2,1.13075586503851,2,2,3,1,1,1,1
1,1,3,2,0.317663492043011,2,1,3,3,2,1,7
1,1,3,1,0.933774422060781,3,1,1,3,3,1,12
1,1,3,1,0.886387731418198,3,1,1,2,1,1,6
1,1,3,3,1.11465163806817,3,1,1,2,1,1,10
3,1,2,2,0.669781551228642,3,1,2,3,1,1,3
1,1,3,4,3.73075231803377,1,1,1,2,3,1,7
2,2,1,4,0.532611323315273,2,2,1,1,1,1,3
1,1,3,1,0.64531740036768,3,1,3,2,2,1,9
1,1,3,1,1.2649387284606,3,1,1,2,1,1,8
1,1,3,2,4.03063394737252,2,1,1,2,3,1,13
1,1,2,4,1.00869561361106,3,1,1,2,3,1,5
1,1,2,2,0.809347899049003,3,1,2,1,1,1,11
3,2,3,1,0.299399415244715,2,2,1,3,1,1,2
3,3,2,1,0.617951860554854,2,1,2,3,2,1,3
1,1,3,3,1.03186052867832,3,1,1,3,1,1,5
2,1,1,4,1.01314173428328,3,1,2,1,2,2,10
1,1,3,4,2.88426040876231,3,1,1,3,1,1,3
3,2,2,3,0.571336481312378,3,1,2,3,2,1,6
2,2,2,3,0.571060973429956,3,1,2,3,2,1,3
3,2,1,3,0.809347899049003,3,1,2,1,1,1,4
3,2,2,2,1.55122933003335,2,2,2,1,2,1,4
2,3,3,2,0.396121550558535,2,2,1,2,1,2,1
3,3,2,3,0.667673101768669,2,3,3,3,1,1,1
3,3,2,4,0.666922548240238,2,1,2,1,1,1,3
3,2,2,3,1.12846123005526,2,2,3,1,1,1,5
2,2,2,4,1.19030764770365,2,2,2,5,1,1,3
3,2,2,2,1.92181249947996,2,2,1,2,1,1,14
3,3,3,3,1.01467336214334,2,2,1,2,1,1,3
3,1,2,4,0.719381132531477,2,2,2,1,1,1,5
1,3,1,1,1.17006716142729,1,1,2,3,2,1,2
3,3,2,2,1.06683818716408,2,2,1,2,3,1,11
1,3,1,2,0.860916297434295,2,1,3,1,2,2,2
1,1,2,1,1.5942123484201,2,1,2,5,2,1,5
2,3,2,4,1.72813468674095,2,1,2,3,2,1,4
2,2,3,4,1.36880521889839,2,1,1,2,1,1,97
2,2,1,3,1.19030764770365,2,2,2,5,1,1,3
1,1,3,1,0.673936877756846,2,1,2,1,2,1,11
1,3,2,3,1.69348238172151,2,2,1,2,1,1,7
1,3,2,1,0.861377365738755,2,2,2,1,2,1,4
2,1,2,1,1.03612954547488,2,1,1,2,1,1,9
2,2,2,1,2.36528113623047,2,2,2,3,2,1,5
1,1,2,3,0.848365756811314,2,2,1,3,3,2,8
1,1,2,1,0.820155057676383,2,1,3,1,2,1,3
3,3,2,4,0.434699778620931,2,2,3,1,2,1,9
3,3,2,3,2.19075663429258,2,2,2,3,1,1,1
3,3,2,1,0.618664238784404,2,1,1,2,1,2,6
2,2,2,1,0.529221869167485,2,1,3,1,2,1,10
3,2,2,3,0.559770430918981,2,2,3,3,2,1,9
1,1,1,1,2.83621877658636,2,2,1,2,1,1,4
2,2,2,2,0.728162749059743,2,2,3,1,1,1,5
1,1,NA,2,3.37196053881332,2,1,1,3,1,1,97
3,2,1,1,0.806883504122842,2,2,1,3,1,2,4
1,3,3,4,0.688201095734266,2,2,1,2,3,1,13
1,1,3,2,2.83445699570466,1,2,1,2,3,1,7
2,2,2,1,1.87385420308508,1,2,1,2,1,1,2
1,1,2,3,1.26713677044249,2,1,1,4,1,1,6
1,2,3,2,0.916434202325684,2,2,1,2,3,1,4
3,3,2,4,1.06697991953408,2,2,1,3,3,1,7
2,2,1,3,2.76053884523599,2,2,1,2,3,1,6
3,3,2,4,0.654550360158806,2,2,1,2,1,1,8
3,3,2,2,1.78054509117473,2,2,1,2,3,1,4
3,3,1,1,0.515923558208515,1,1,1,3,1,1,9
2,2,1,2,0.358637900344865,2,2,1,1,3,1,8
2,2,2,3,1.09278697112763,1,2,1,3,3,1,7
1,1,3,4,0.83175233414236,1,2,1,3,3,1,1
3,3,2,3,0.7976206035602,1,2,2,1,1,1,4
1,1,3,2,1.12075510299803,2,2,1,3,3,1,12
3,3,3,4,4.58560567406777,1,2,3,1,1,1,2
3,3,2,1,1.09278697112763,1,2,1,3,3,1,9
1,1,2,2,2.37135513619724,2,2,1,3,3,1,3
1,1,2,3,0.5380699374192,1,2,2,1,1,1,5
2,2,3,4,1.440144897603,1,1,3,1,1,1,12
2,2,2,4,0.618664238784404,2,1,1,2,1,1,6
1,1,3,3,0.959170689800354,2,1,1,3,1,1,6
1,1,3,1,0.557911260105435,2,1,1,1,1,1,1
1,1,3,2,0.649842936776812,1,1,1,2,1,1,9
2,2,1,3,1.26713677044249,2,1,1,3,1,1,5
1,2,1,2,0.720198605958886,2,1,1,2,1,2,5
2,2,1,2,2.08974614352974,1,1,2,3,1,1,11
1,1,3,2,1.72929259395986,2,1,1,2,1,1,8
1,1,3,3,1.2042454405053,3,1,1,2,1,1,12
1,1,3,2,3.82274322629028,3,1,3,2,1,2,2
3,1,2,1,0.76374084835277,3,1,3,3,1,1,12
2,2,1,2,1.18046650062985,1,2,1,2,3,1,7
3,3,2,3,0.484426186023368,2,2,3,3,3,1,97
1,1,3,2,2.88426040876231,3,1,1,3,1,1,4
1,1,2,3,0.916434202325684,2,2,1,2,3,1,8
3,3,2,2,0.723583502523667,1,2,1,1,4,1,4
1,1,2,3,0.654513685943731,1,2,1,2,4,1,10
1,1,3,2,1.09616965942055,1,2,1,2,4,1,6
1,1,3,3,1.71752174079657,1,2,2,1,1,1,7
3,1,2,1,0.434429391925321,2,2,1,4,3,1,4
1,1,2,4,0.51929571578857,1,1,3,3,2,2,9
1,1,2,2,0.59298219444253,1,2,1,1,3,1,9
3,3,2,4,0.637000110507899,2,2,1,2,3,1,11
1,3,2,4,0.666922548240238,2,1,2,1,1,2,3
3,1,2,1,0.591264817059281,1,3,1,1,2,1,10
1,1,2,1,1.21798843179438,1,1,4,3,3,1,8
1,1,3,4,0.705997091155512,1,1,1,1,3,1,1
1,1,2,3,0.895463707730496,1,1,1,3,2,1,3
1,1,3,4,1.06683818716408,2,2,1,2,3,1,13
1,1,3,4,2.45920150093587,1,1,4,1,2,2,15
1,2,2,1,0.637000110507899,2,2,1,2,3,1,7
2,2,1,4,0.678041929241601,1,2,1,3,2,1,4
2,2,1,2,1.27563458321277,1,1,2,1,1,1,5
3,3,2,4,3.22815394601124,1,2,1,1,3,1,1
3,2,2,2,0.834373747437722,2,2,1,2,1,1,2
1,1,2,2,0.811203914134177,2,1,3,5,1,1,3
1,2,2,2,0.462778005841417,1,1,2,3,1,1,12
3,3,3,4,0.86004975298668,1,3,1,1,2,1,2
1,1,3,4,0.871623629942236,2,2,1,2,1,1,2
2,2,1,1,1.294615820614,1,1,1,1,1,1,4
3,3,3,1,0.871623629942236,2,2,1,2,1,1,8
3,3,2,2,0.711740227368344,1,2,1,3,2,1,97
3,3,2,4,0.340660861968969,1,2,1,2,2,1,97
1,1,3,4,0.692998451249979,1,2,1,3,3,1,16
1,1,1,2,2.0543141471683,1,2,1,2,4,1,8
1,1,2,3,0.864080954111527,1,2,1,2,3,1,9
1,1,3,4,0.669371601045545,1,2,1,1,3,1,7
1,1,3,1,1.18371774290038,1,1,4,1,3,1,2
1,1,3,3,0.950212331407272,1,2,1,1,4,1,7
1,1,3,3,0.225255592754409,1,1,3,1,2,1,97
2,2,2,4,1.08834715909168,1,1,1,2,1,1,7
3,3,1,3,0.722752160400485,1,1,4,1,4,1,10
3,3,2,1,1.07004572962824,2,2,1,3,3,1,4
3,1,2,1,0.725799332470604,1,2,2,1,2,1,7
3,3,2,4,0.877237285553788,1,2,1,1,3,1,11
2,3,2,2,1.15327809802889,1,1,4,3,2,1,97
3,2,2,1,1.26958810066307,3,1,3,1,1,1,4
3,3,2,4,0.814986005962784,1,2,3,3,1,1,5
2,2,1,2,0.434751502676641,1,1,1,1,1,1,3
1,1,3,2,0.734244788828298,1,1,1,1,2,1,12
1,1,3,2,1.20633801777816,2,1,1,3,1,1,3
3,1,2,3,0.251498229880555,1,2,1,3,2,1,97
1,1,2,3,0.678142698180798,1,1,1,3,3,1,7
1,1,2,2,1.0308136907367,1,1,1,1,2,1,11
3,2,2,3,1.19397498869376,1,1,4,3,2,1,10
1,3,1,4,0.737287360219646,1,2,3,5,1,1,4
3,3,3,1,0.61822584727405,1,1,3,3,3,1,3
3,3,2,1,1.50287577717456,1,2,3,2,2,1,7
2,2,2,1,0.970017398005996,1,2,4,1,2,1,4
1,1,3,2,1.09633506047249,1,1,1,1,3,1,5
1,2,2,1,1.90040201986996,1,2,1,2,3,1,13
3,3,2,1,2.62392678951493,1,2,1,3,3,1,5
2,2,1,1,0.669371601045545,1,2,1,1,3,1,1
3,2,2,1,0.933734824117134,1,2,2,1,3,1,5
3,3,1,3,1.75421295692738,1,1,2,3,2,1,7
3,2,2,2,0.720198605958886,2,1,1,2,1,1,7
3,1,2,3,1.88416697699337,1,1,3,3,3,1,2
1,1,3,2,1.09616965942055,1,2,1,2,4,1,7
1,2,1,2,0.55271465262053,1,2,1,1,2,1,8
1,1,2,3,0.513082469672311,1,1,3,3,1,2,8
1,1,2,4,0.772385201585424,1,2,4,4,3,1,6
1,2,1,4,0.539272733354128,1,2,1,1,3,1,9
3,3,2,1,2.27216174891261,1,1,3,1,3,1,97
1,3,2,3,0.566055347240659,1,2,1,1,3,1,11
1,1,2,1,0.741575489792097,1,1,2,1,2,1,7
3,3,2,4,0.510191352744634,1,2,1,4,3,1,10
1,2,1,3,1.24865297789993,1,2,3,1,1,1,5
2,2,2,1,0.528789063659605,1,2,1,3,3,1,11
2,2,1,3,0.626649887014671,1,2,4,1,4,1,2
1,1,3,2,0.215643512542033,1,1,1,1,3,1,11
1,1,2,3,0.899890299570711,1,2,3,2,3,1,8
1,1,3,2,1.20617777376312,2,1,1,2,1,1,3
3,3,2,1,1.25301027493622,1,2,3,2,2,1,10
1,1,2,2,2.49006967749797,1,2,1,3,2,1,10
1,1,2,3,3.17417763446846,1,1,1,3,3,2,9
1,1,2,3,1.09633506047249,1,1,1,1,3,1,7
3,1,3,4,0.343444268722935,1,1,1,3,1,1,1
1,1,3,4,1.13683248475773,1,1,1,2,2,1,11
1,1,3,3,1.44307331620966,1,1,3,1,1,1,9
2,2,1,2,0.678142698180798,1,1,1,3,3,1,3
1,1,2,1,1.59217519292692,1,1,1,3,2,1,3
3,3,2,1,0.447021839770836,1,2,3,3,2,1,4
3,1,3,2,0.761500993295533,1,2,1,2,3,1,11
1,1,2,4,1.02814803388919,1,1,1,1,1,1,97
3,3,2,1,0.624093484869922,1,2,1,1,2,1,10
3,2,2,2,2.03393997981837,1,2,1,1,2,1,6
3,3,2,4,0.964459754706872,1,2,1,2,1,1,97
1,1,1,4,1.03612954547488,2,1,1,2,1,1,4
3,3,2,3,1.46620182594183,1,1,4,1,2,1,1
3,2,2,4,0.93683706269298,1,2,3,1,4,1,12
3,2,2,1,1.29136658895695,1,2,2,3,1,1,4
1,1,3,1,1.30312829128434,2,1,1,2,1,1,1
3,3,2,2,2.71315086628443,1,2,3,3,1,2,3
2,2,1,4,0.561644351158724,1,2,2,3,2,1,6
3,1,2,4,0.966960288350416,1,2,1,2,2,1,7
1,1,2,2,1.5519752916378,1,4,3,2,2,1,4
3,3,2,1,0.543195080387789,1,1,2,5,1,1,2
1,1,3,4,0.618664238784404,2,1,1,2,1,1,5
1,3,2,3,2.03393997981837,1,2,1,1,2,1,10
3,3,2,2,1.11658853116863,2,1,1,3,1,1,8
1,1,3,4,1.03612954547488,2,1,1,2,1,1,9
1,1,2,4,1.03612954547488,2,1,1,2,1,1,9
3,1,2,4,0.679420672870101,1,4,1,4,2,1,97
2,2,2,4,4.59493013371144,1,2,3,1,1,1,1
1,1,3,4,1.30061166481723,1,1,1,1,2,1,97
1,1,3,2,1.0911688928902,1,1,1,2,2,1,97
1,1,2,4,0.421746200302439,1,2,1,1,2,1,7
2,2,1,3,3.14643939404736,1,2,1,2,2,1,5
3,2,2,4,0.653231382867558,1,2,1,1,1,1,1
1,1,2,2,0.329427733309678,2,1,1,3,1,1,7
1,1,3,4,2.89619318047753,2,1,1,2,1,1,8
3,3,2,3,1.0911688928902,1,1,1,2,2,1,97
1,1,1,2,0.441042007252823,1,2,3,5,2,1,6
2,2,1,1,0.678041929241601,1,2,1,3,2,1,9
1,1,3,4,1.92474168869415,1,1,4,2,2,1,11
1,1,3,3,0.432814336806306,2,1,1,3,1,1,10
2,2,1,2,0.480999398659784,1,2,3,1,2,1,3
1,1,3,2,0.817302085914138,2,1,1,2,1,1,10
1,1,1,2,2.57266797169336,1,1,2,1,1,1,4
3,2,2,3,0.73349799078144,1,1,3,2,2,1,8
3,3,3,4,0.6819409108531,1,1,3,3,2,1,7
1,1,2,1,3.37196053881332,2,1,1,3,1,1,3
1,2,1,3,1.12996516631899,1,2,1,1,2,1,4
3,3,2,3,0.966960288350416,1,2,1,2,2,1,7
1,1,3,3,2.89619318047753,2,1,1,2,1,2,3
1,1,2,3,0.73349799078144,1,1,3,2,2,1,97
1,1,1,3,1.25119201311772,1,2,3,1,1,2,2
1,1,3,2,1.14025047120906,1,1,1,4,2,1,7
1,1,3,1,1.44151634495002,1,1,1,2,2,1,11
1,1,2,1,1.82115286015665,1,1,1,3,2,1,8
1,1,2,3,2.30417247822925,1,1,1,3,1,1,4
3,3,2,2,1.47990494586096,2,1,3,2,1,1,4
1,3,2,4,0.791922092743743,2,1,1,1,1,1,2
1,1,1,1,1.03924475971774,2,1,1,3,1,1,3
1,1,3,4,1.20617777376312,2,1,1,2,1,2,10
1,1,2,4,3.05003937021156,1,1,1,2,2,1,8
1,1,3,1,3.37196053881332,2,1,1,3,1,1,5
3,3,2,2,1.12565654846305,1,2,1,2,2,1,9
3,3,2,2,1.08834715909168,1,1,1,2,1,2,9
3,3,2,3,0.54214750051745,1,2,1,3,2,1,3
3,3,2,1,0.358640548034155,1,2,2,3,1,1,97
1,1,3,1,1.36880521889839,2,1,1,2,1,1,3
1,1,3,3,0.778086944713409,2,1,1,2,1,1,6
1,1,2,4,0.398713520956352,1,4,1,3,2,1,97
1,1,2,4,0.336534936880611,1,2,3,4,2,1,8
1,2,2,4,0.810684856763846,1,2,3,2,2,1,6
1,1,2,4,0.985996519932958,1,2,3,4,2,1,2
1,1,2,3,1.12274563050249,1,2,1,2,1,1,97
1,1,2,1,1.33099640900561,1,1,1,3,1,1,1
3,2,2,2,1.0970610514031,1,1,2,1,2,1,2
1,1,3,1,0.987850241723624,1,1,1,1,1,1,4
2,2,1,4,0.987850241723624,1,1,1,1,1,1,4
1,1,3,2,1.09528609154688,1,1,3,3,1,1,6
